,rank,name,q
0,1,ICBC,Q26463
1,2,JPMorgan Chase,Q192314
2,3,China Construction Bank,Q26299
3,4,Agricultural Bank of China,Q26298
4,5,Bank of America,Q487907
5,6,Apple,Q312
6,7,Ping An Insurance Group,
7,8,Bank of China,Q790068
8,9,Royal Dutch Shell,Q154950
9,10,Wells Fargo,Q744149
10,11,ExxonMobil,Q156238
11,12,AT&T,Q40
12,13,Samsung Electronics,Q20718
13,14,Citigroup,Q219508
14,15,Toyota Motor,Q53268
15,16,Microsoft,Q2283
16,17,Alphabet,Q9779
17,18,Volkswagen Group,Q156578
18,19,Chevron,Q319642
19,20,Verizon Communications,Q467752
20,21,HSBC Holdings,Q190464
21,22,PetroChina,Q503182
22,23,Allianz,Q487292
23,24,BP,Q131755
24,25,Total,Q154037
25,26,Berkshire Hathaway,Q217583
26,27,China Mobile,Q741618
27,28,Amazon,Q3884
28,29,Walmart,Q483551
29,30,Santander,Q12233
30,31,China Merchants Bank,Q1073327
31,32,UnitedHealth Group,Q2103926
32,33,Comcast,Q1113804
33,34,BNP Paribas,Q499707
34,35,Sinopec,Q831445
35,36,Softbank,Q201653
36,37,Daimler,Q27530
37,38,Johnson & Johnson,Q1158485
38,39,Bank of Communications,Q806680
39,40,Gazprom,Q102673
40,41,RBC,Q37187
41,42,Nestlé,Q160746
42,43,Mitsubishi UFJ Financial,Q1542175
43,44,Intel,Q248
44,45,Goldman Sachs Group,Q193326
45,46,TD Bank Group,
46,47,Sberbank,Q205012
47,48,Morgan Stanley,Q334204
48,49,Boeing,Q66
49,50,Petrobras,Q210047
50,51,Nippon Telegraph & Tel,Q1054787
51,52,Rosneft,Q1141123
52,53,Procter & Gamble,Q520045
53,54,Pfizer,Q206921
54,55,Industrial Bank,Q1410821
55,56,General Motors,Q81965
56,57,BMW Group,Q28228065
57,58,Itaú Unibanco Holding,Q1424293
58,59,Alibaba,Q1359568
59,60,IBM,Q37156
60,61,Novartis,Q507154
61,62,Postal Savings Bank Of China (PSBC),
62,63,Facebook,Q355
63,64,Siemens,Q81230
64,65,Shanghai Pudong Development,Q1479076
65,66,Japan Post Holdings,Q1372049
66,67,Sumitomo Mitsui Financial,Q2094989
67,68,Banco Bradesco,Q806181
68,69,Anheuser-Busch InBev,Q128738
69,70,Walt Disney,Q7414
70,71,Reliance Industries,Q908931
71,72,CITIC,Q856322
72,73,Sony,Q41187
73,74,Cisco Systems,Q173395
74,75,Tencent Holdings,Q860580
75,76,Honda Motor,Q9584
76,77,Enel,Q651222
77,78,United Technologies,Q1045758
78,79,Commonwealth Bank,Q285328
79,80,China State Construction Engineering,Q1073519
80,81,DowDuPont,Q38589917
81,82,Equinor,Q1776022
82,83,American Express,Q194360
83,84,MetLife,Q607131
84,85,AXA Group,Q160054
85,86,PepsiCo,Q334800
86,87,Bank of Nova Scotia,Q451476
87,88,Roche Holding,Q55453942
88,89,ING Group,Q645708
89,90,Lloyds Banking Group,Q1152764
90,91,Eni,Q565594
91,92,Oracle,Q19900
92,93,China Citic Bank,Q38960
93,94,China Evergrande Group,
94,95,UBS,Q193199
95,96,AIRBUS,Q67
96,97,LukOil,Q329347
97,98,Prudential Financial,Q2114414
98,99,BASF,Q9401
99,100,SAIC Motor,Q910401
100,101,Westpac Banking Group,Q2031726
101,102,British American Tobacco,Q856411
102,103,US Bancorp,Q47693
103,104,Credit Agricole,Q221948
104,105,China Life Insurance,Q1073306
105,106,Unilever,Q157062
106,107,Glencore International,Q169339
107,108,Mitsubishi,Q183275
108,109,BHP Group,Q625713
109,110,Ford Motor,Q44294
110,111,Rio Tinto,Q821293
111,112,Prudential,Q1374135
112,113,AIA Group,Q1152465
113,114,China Minsheng Banking,Q911543
114,115,Sanofi,Q158205
115,116,Deutsche Telekom,Q9396
116,117,Zurich Insurance Group,Q230426
117,118,Brookfield Asset Management,Q908324
118,119,Merck & Co.,Q156959
119,120,ANZ,Q204296
120,121,Caterpillar,Q81825
121,122,Saudi Basic Industries,Q903219
122,123,Hon Hai Precision,Q463094
123,124,China Vanke,Q861340
124,125,Mizuho Financial,Q166621
125,126,CNOOC,Q795354
126,127,Home Depot,Q864407
127,128,Taiwan Semiconductor,Q713418
128,129,Country Garden Holdings,Q5177291
129,130,Capital One Financial,Q1034654
130,131,Intesa Sanpaolo,Q1343118
131,132,Nissan Motor,Q20165
132,133,Coca-Cola,Q3295867
133,134,Bank of Montreal,Q806693
134,135,BBVA-Banco Bilbao Vizcaya,
135,136,Walgreens Boots Alliance,Q18712620
136,137,Chubb,Q2085922
137,138,NAB - National Australia Bank,
138,139,Vale,Q48948
139,140,China Pacific Insurance,Q1003813
140,141,Anthem,Q541947
141,142,Telefónica,Q160229
142,143,Christian Dior,Q159694
143,144,Generali Group,Q670482
144,145,Iberdrola,Q1437502
145,146,PNC Financial Services,Q38928
146,147,GlaxoSmithKline,Q212322
147,148,Munich Re,Q166637
148,149,Cigna,Q642271
149,150,Medtronic,Q642189
150,151,China Everbright Bank,Q10873167
151,152,China Shenhua Energy,Q1073509
152,153,Honeywell International,Q58221851
153,154,Banco do Brasil,Q610817
154,155,People's Insurance,Q1807264
155,156,UniCredit,Q45568
156,157,CK Hutchison,Q19548352
157,158,Société Générale,Q270363
158,159,ConocoPhillips,Q214763
159,160,United Parcel Service,Q155026
160,161,VINCI,Q762
161,162,Visa,Q328840
162,163,Tokio Marine Holdings,Q1812086
163,164,Bayer,Q104761
164,165,PTT PCL,Q1810389
165,166,Manulife,Q1652574
166,167,AbbVie,Q14662364
167,168,China Telecom,Q24834296
168,169,Phillips 66,Q1656230
169,170,KDDI,Q971946
170,171,Fiat Chrysler Automobiles,Q15678788
171,172,Marathon Petroleum,Q458363
172,173,Costco Wholesale,Q715583
173,174,Enbridge,Q1339966
174,175,Amgen,Q470517
175,176,SAP,Q552581
176,177,Bank of New York Mellon,Q16246094
177,178,Broadcom,Q555925
178,179,SK Hynix,Q370719
179,180,China Communications Construction,Q1073236
180,181,Lockheed Martin,Q7240
181,182,Itochu,Q717093
182,183,Duke Energy,Q1264404
183,184,FedEx,Q459477
184,185,Royal Bank of Scotland,Q160126
185,186,Orange,Q39338
186,187,Barclays,Q245343
187,188,Union Pacific,Q1930992
188,189,América Móvil,Q482267
189,190,Canadian Imperial Bank,Q666694
190,191,Credit Suisse Group,Q372657
191,192,Synchrony Financial,Q18387139
192,193,NextEra Energy,Q967868
193,194,Deere & Company,Q8354382
194,195,ArcelorMittal,Q27893
195,196,Mitsui,Q16877241
196,197,Abbott Laboratories,Q306764
197,198,China Railway Group,Q979615
198,199,Gilead Sciences,Q663596
199,200,China Railway Construction,Q1073482
200,201,L'Oréal,Q156077
201,202,Exelon,Q1383669
202,203,Delta Air Lines,Q188920
203,204,Renault,Q6686
204,205,Charter Communications,Q2961234
205,206,Micron Technology,Q1197548
206,207,Qatar National Bank,Q1136759
207,208,Deutsche Post,Q235003
208,209,HDFC Bank,Q631047
209,210,Altria Group,Q445007
210,211,Valero Energy,Q1283291
211,212,Philip Morris International,Q1852556
212,213,DBS,Q618076
213,214,BlackRock,Q219635
214,215,Southern Company,Q2304693
215,216,3M,Q159433
216,217,Schlumberger,Q1425316
217,218,Peugeot,Q6742
218,219,Linde,Q1593799
219,220,Oil & Natural Gas,Q42962
220,221,Dai-ichi Life Insurance,Q595475
221,222,Thermo Fisher Scientific,Q643674
222,223,Aflac,Q26311
223,224,Allstate,Q2645636
224,225,Hyundai Motor,Q55931
225,226,Travelers,Q22813352
226,227,ENGIE,Q13416787
227,228,Mondelez International,Q12857502
228,229,Suncor Energy,Q1516410
229,230,Hitachi,Q53238
230,231,Nordea Bank,Q1123823
231,232,Aviva,Q791179
232,233,Target,Q1046951
233,234,Lowe's,Q1373493
234,235,General Dynamics,Q502940
235,236,Repsol,Q174747
236,237,AstraZeneca,Q731938
237,238,Eli Lilly,Q2984214
238,239,Continental,Q174769
239,240,Charles Schwab,Q1066028
240,241,National Grid,Q1465461
241,242,Progressive,Q350611
242,243,Tesco,Q487494
243,244,Danone,Q329426
244,245,Poly Developments & Holdings Group,Q577166
245,246,Volvo Group,Q163810
246,247,HCA Healthcare,
247,248,Accenture,Q338825
248,249,Central Japan Railway,Q513679
249,250,East Japan Railway,Q499071
250,251,China Unicom,Q1068485
251,252,Schneider Electric,Q49053
252,253,Midea Group,Q2609533
253,254,KBC Group,Q29560723
254,255,McDonald's,Q38076
255,256,Denso,Q176508
256,257,JXTG Holdings,Q128577
257,258,Fresenius,Q29841530
258,259,BB&T,Q244
259,260,Gree Electric Appliances,Q1544535
260,261,Anglo American,Q541451
261,262,Møller-Maersk,
262,263,E.ON,Q3045727
263,264,MS&AD Insurance,Q1494
264,265,Huaxia Bank,Q1595443
265,266,Bristol-Myers Squibb,Q266423
266,267,China Resources Land,Q5099887
267,268,Air Liquide,Q407448
268,269,EDF,Q274591
269,270,Baoshan Iron & Steel,Q12195289
270,271,Danaher,Q21431228
271,272,Legal & General Group,Q105210
272,273,EXOR,Q498186
273,274,Sun Life Financial,Q835456
274,275,BT Group,Q593786
275,276,KB Financial Group,Q12581339
276,277,Northrop Grumman,Q329953
277,278,Seven & I Holdings,Q23350
278,279,HP,Q1177
279,280,Nike,Q483915
280,281,Shinhan Financial Group,Q491325
281,282,ABB,Q52825
282,283,Diageo,Q161140
283,284,Bank of Beijing,Q39146
284,285,CNP Assurances,Q1023930
285,286,Japan Tobacco,Q898568
286,287,Oversea-Chinese Banking,Q2042423
287,288,Indian Oil,Q1289348
288,289,Inditex,Q44504
289,290,Dominion Resources,Q677464
290,291,Sumitomo,Q2365236
291,292,Occidental Petroleum,Q2013357
292,293,Reckitt Benckiser Group,Q1190881
293,294,CRRC,Q19840026
294,295,Cathay Financial,Q10926936
295,296,Kroger,Q153417
296,297,Baidu,Q14772
297,298,Panasonic,Q833266
298,299,Johnson Controls International,Q52853530
299,300,Ecopetrol,Q1282130
300,301,Canon,Q1104153
301,302,Royal Ahold Delhaize N.V.,
302,303,Jardine Matheson,Q1683452
303,304,Raytheon,Q156644
304,305,Sunac China Holdings,Q13410248
305,306,United Continental Holdings,Q871700
306,307,United Overseas Bank,Q2064074
307,308,Nippon Steel,Q651282
308,309,LyondellBasell Industries,Q899255
309,310,Qualcomm,Q544847
310,311,Safran,Q1886126
311,312,Carnival,Q4618
312,313,SK Holdings,Q494136
313,314,State Street,Q2037125
314,315,Orix,Q906055
315,316,Celgene,Q842947
316,317,American Electric,Q4743668
317,318,PayPal,Q483959
318,319,EOG Resources,Q1275577
319,320,Greenland Holdings Group,
320,321,LafargeHolcim,Q16466481
321,322,Henkel,Q1605280
322,323,Posco,Q483946
323,324,Natixis,Q571156
324,325,Mitsubishi Electric,Q53257
325,326,Bridgestone,Q179433
326,327,Archer Daniels Midland,Q632694
327,328,Sun Hung Kai Properties,Q1789188
328,329,Toshiba,Q49125
329,330,Surgutneftegas,Q680776
330,331,Poste Italiane,Q495026
331,332,HDFC,Q1563020
332,333,First Abu Dhabi Bank,Q29124183
333,334,Mastercard,Q489921
334,335,Kinder Morgan,Q931032
335,336,New China Life Insurance,Q11084240
336,337,DNB,Q27302
337,338,SunTrust Banks,Q181507
338,339,Danske Bank,Q1636974
339,340,Discover Financial Services,Q5281775
340,341,BCE,Q46202
341,342,Canadian Natural Resources,Q1032229
342,343,CaixaBank,Q847225
343,344,CSX,Q856783
344,345,Longfor Group Holdings,
345,346,TransCanada,Q7833607
346,347,Bank Of Shanghai,Q4208351
347,348,Macquarie Group,Q1200904
348,349,Fubon Financial,Q4207171
349,350,Marubeni,Q553927
350,351,Starbucks,Q37158
351,352,Fannie Mae,Q621096
352,353,Samsung Life Insurance,Q624080
353,354,Tyson Foods,Q1325987
354,355,Becton Dickinson,Q813780
355,356,Automatic Data Processing,Q489080
356,357,Humana,Q15121208
357,358,Standard Chartered,Q548278
358,359,Imperial Brands,Q1471161
359,360,Richemont,Q22286
360,361,Eaton,Q5331334
361,362,Kering,Q931207
362,363,Bank Rakyat Indonesia (BRI),
363,364,Couche Tard,Q2998654
364,365,Saudi Telecom,Q1535171
365,366,Stryker,Q612829
366,367,Freddie Mac,Q935969
367,368,Daiwa House Industry,Q913825
368,369,Heineken,Q180855
369,370,Booking Holdings,Q18674747
370,371,NN Group,Q1834291
371,372,Ameriprise Financial,Q2843129
372,373,American Airlines Group,Q4742937
373,374,Tata Consultancy Services,Q13227919
374,375,Mitsui Fudosan,Q1812986
375,376,Novo Nordisk,Q818846
376,377,Takeda Pharmaceutical,Q899133
377,378,Maybank,Q1364018
378,379,China Merchants Shekou Industrial Zone Holdings,Q30326165
379,380,Norfolk Southern,Q7051100
380,381,Power Construction Corporation of China,Q10873928
381,382,Michelin Group,
382,383,EssilorLuxottica,Q56853086
383,384,Etisalat,Q543449
384,385,CRH,Q33357
385,386,Lincoln National,Q6550881
386,387,Transneft,Q2116312
387,388,Canadian National Railway,Q624798
388,389,General Electric,Q54173
389,390,Hyundai Mobis,Q497534
390,391,Erste Group Bank,Q1310001
391,392,Swiss Life Holding,Q667350
392,393,ASML Holding,Q297879
393,394,Komatsu,Q646898
394,395,Suzuki Motor,Q181642
395,396,TJX Cos,
396,397,Power Corp of Canada,
397,398,Southwest Airlines,Q503308
398,399,Telstra,Q721162
399,400,ICICI Bank,Q1653258
400,401,Freeport-McMoRan,Q1453620
401,402,Texas Instruments,Q193412
402,403,Sompo,Q1001517
403,404,Principal Financial Group,Q3403513
404,405,OMV Group,Q168238
405,406,Shin-Etsu Chemical,Q904284
406,407,Anhui Conch Cement,Q545565
407,408,Hartford Financial Services,Q444110
408,409,SingTel,Q864923
409,410,CVS Health,Q624375
410,411,Marriott International,Q1141173
411,412,AmerisourceBergen,Q470156
412,413,Deutsche Lufthansa,Q9325
413,414,Tokyo Electric Power,Q333894
414,415,Standard Bank Group,Q1576610
415,416,Fosun International,Q3079736
416,417,SEB AB,
417,418,Naspers,Q1965898
418,419,Kweichow Moutai,Q1518607
419,420,National Commercial Bank,Q1518238
420,421,Bank Of Jiangsu,Q11135108
421,422,Biogen,Q864338
422,423,Suning.com,Q17066824
423,424,Bouygues,Q895325
424,425,Wilmar International,Q1786712
425,426,Xiaomi,Q1636958
426,427,Magna International,Q697311
427,428,International Airlines,Q8774
428,429,Femsa,Q1435628
429,430,Adidas,Q3895
430,431,Netflix,Q907311
431,432,Philips,Q170416
432,433,Sumitomo Mitsui Trust,Q5215535
433,434,China Yangtze Power,Q752496
434,435,Applied Materials,Q621610
435,436,Paccar,Q1477661
436,437,Sysco,Q2376711
437,438,Larsen & Toubro,Q13099004
438,439,Emerson Electric,Q1335585
439,440,Samsung C&T,Q20716
440,441,International Paper,Q202972
441,442,Halliburton,Q656165
442,443,China Cinda Asset Management,Q15933437
443,444,Daikin Industries,Q1157589
444,445,FirstRand,Q5453738
445,446,Salesforce.com,Q941127
446,447,KIA Motors,Q35349
447,448,CK Asset Holdings,Q19985983
448,449,Consolidated Edison,Q1127536
449,450,Svenska Handelsbanken,Q1421630
450,451,Swire Pacific,Q11723118
451,452,General Mills,Q629998
452,453,CTBC Financial,Q5100188
453,454,SK Innovation,Q16172809
454,455,Pernod Ricard,Q837049
455,456,Citic Securities,Q737443
456,457,New World Development,Q752084
457,458,Waste Management,Q180388
458,459,Sempra Energy,Q7449804
459,460,Aegon,Q291171
460,461,State Bank of India,Q1340361
461,462,American International Group,Q212235
462,463,Toyota Industries,Q1476105
463,464,Vodafone,Q122141
464,465,Sampo,Q180956
465,466,Subaru,Q172741
466,467,IntercontinentalExchange,Q841458
467,468,LG Chem,Q486976
468,469,Fifth Third Bank,Q1411810
469,470,Dell Technologies,Q27500963
470,471,SK Telecom,Q493145
471,472,VTB Bank,Q1549389
472,473,Banorte,Q806914
473,474,Swiss Re,Q605565
474,475,Mitsubishi Chemical,Q3107966
475,476,Centene,Q2946305
476,477,BAE Systems,Q739416
477,478,Hana Financial Group,Q490601
478,479,Fast Retailing,Q1397688
479,480,CNH Industrial,Q15238661
480,481,Bank Mandiri,Q806639
481,482,HeidelbergCement,Q632233
482,483,Hewlett Packard Enterprise,Q19923099
483,484,Talanx,Q2389856
484,485,Cummins,Q173476
485,486,Orsted,Q36859600
486,487,WPP,Q7954421
487,488,Marsh & McLennan,Q30198
488,489,Grupo ACS,Q1550888
489,490,Xcel Energy,Q1486956
490,491,Las Vegas Sands,Q1506045
491,492,NTPC,Q23529645
492,493,China Zheshang Bank,Q15924407
493,494,Commerzbank,Q157617
494,495,Toyota Tsusho,Q716457
495,496,Lennar,Q19760064
496,497,Swedbank,Q1145493
497,498,Compass Group,Q782697
498,499,Woolworths,Q607272
499,500,Novatek,Q251546
500,501,National Bank of Canada,Q634298
501,502,LG Electronics,Q162345
502,503,Thales,Q36303
503,504,Public Service Enterprise Group,Q930919
504,505,Adobe,Q11463
505,506,China Taiping Insurance,Q4036130
506,507,TE Connectivity,Q663452
507,508,Mitsubishi Estate,Q304962
508,509,Metallurgical Corp of China,
509,510,Emirates NBD,Q5372575
510,511,Kansai Electric Power,Q1365015
511,512,Ecolab,Q1282031
512,513,DXC Technology,Q28782856
513,514,M&T Bank,Q105
514,515,Fujitsu,Q186394
515,516,Constellation Brands,Q1128160
516,517,Wesfarmers,Q908144
517,518,CLP Holdings,Q977959
518,519,Al Rajhi Bank,Q1761176
519,520,Asahi Group Holdings,Q720479
520,521,Illinois Tool Works,Q1510378
521,522,Fujifilm Holdings,Q11455891
522,523,Saint-Gobain,Q325680
523,524,Cognizant,Q1107035
524,525,Tatneft,Q1616858
525,526,DTE Energy,Q5206232
526,527,KeyCorp,Q1740314
527,528,Recruit Holdings,Q2135836
528,529,NVIDIA,Q182477
529,530,Sasol,Q905998
530,531,JFE Holdings,Q962591
531,532,Bank of Ningbo,Q4856166
532,533,eBay,Q58024
533,534,Mitsubishi Heavy Industries,Q648280
534,535,Citizens Financial Group,Q5122694
535,536,Weichai Power,Q3567081
536,537,Nucor,Q1645081
537,538,Sherwin-Williams,Q48881
538,539,Formosa Petrochemical,Q1437742
539,540,Ally Financial,Q2032800
540,541,Murata Manufacturing,Q613325
541,542,Northern Trust,Q970695
542,543,American Tower,Q4745263
543,544,China Fortune Land Development,Q20716530
544,545,CME Group,Q1023876
545,546,Samsung Fire & Marine,Q491500
546,547,Deutsche Bank,Q66048
547,548,Kraft Heinz Company,Q19681433
548,549,Qingdao Haier,
549,550,Associated British Foods,Q117059
550,551,MTR,Q14751
551,552,Tata Steel,Q963101
552,553,Bank Central Asia,Q806626
553,554,Bank of Nanjing,
554,555,Telenor,Q845632
555,556,Colgate-Palmolive,Q609466
556,557,Boston Scientific,Q894585
557,558,Kimberly-Clark,Q1741634
558,559,China National Building,Q5099798
559,560,CBS,Q43380
560,561,Dollar General,Q145168
561,562,DISH Network,Q1199757
562,563,Keurig Dr Pepper,Q3116111
563,564,Kubota,Q1514221
564,565,Rakuten,Q973054
565,566,Merck,Q156959
566,567,Rogers Communications,Q165684
567,568,PPL,Q14864745
568,569,Aisin Seiki,Q409907
569,570,Aroundtown,Q32788516
570,571,Aon,Q296007
571,572,Sinopharm Group,Q7524930
572,573,Royal Caribbean Cruises,Q427881
573,574,Norilsk Nickel,Q1284261
574,575,Woori Financial Group,Q484117
575,576,Kirin Holdings,Q13403399
576,577,NXP Semiconductors,Q1155668
577,578,Saudi Electricity,Q12188903
578,579,Swisscom,Q644324
579,580,McKesson,Q37030845
580,581,Nidec,Q3341241
581,582,Omnicom Group,Q1519267
582,583,Coal India,Q124976
583,584,RELX,Q998470
584,585,Ingersoll Rand,Q1663044
585,586,FirstEnergy,Q1419248
586,587,Anadarko Petroleum,Q483637
587,588,Korea Electric Power,Q486737
588,589,Regions Financial,Q917131
589,590,Simon Property Group,Q2287759
590,591,Corning,Q576395
591,592,The Estée Lauder Companies,
592,593,Henderson Land,Q1604969
593,594,Grupo Mexico,Q623591
594,595,Allergan,Q413486
595,596,H&M - Hennes & Mauritz,Q129
596,597,Loews,Q16872412
597,598,VMware,Q11407
598,599,Best Buy,Q533415
599,600,First Data,Q906406
600,601,Air Products & Chemicals,Q29002336
601,602,Astellas Pharma,Q528842
602,603,Asahi Kasei,Q720489
603,604,Entergy,Q1344587
604,605,Ageas,Q392338
605,606,PPG,Q422582
606,607,Shimao Property Holdings,Q7496840
607,608,Sumitomo Electric,Q1814247
608,609,Formosa Chemicals,
609,610,Atlantia,Q756243
610,611,Kotak Mahindra Bank,Q2040404
611,612,Tenaga Nasional,Q1584297
612,613,JD.com,Q3598926
613,614,Wheelock,Q1822271
614,615,Western Digital,Q738770
615,616,Industrial Bank of Korea,Q483855
616,617,Baxter International,Q761965
617,618,Dongfeng Motor Group,Q11104175
618,619,Nintendo,Q8093
619,620,Aeon,Q271413
620,621,Coca-Cola European Partners,Q20811256
621,622,Vonovia,Q1202053
622,623,Teck Resources,Q688725
623,624,Evonik,Q473513
624,625,TELUS,Q165858
625,626,RWE Group,
626,627,Devon Energy,Q1206980
627,628,Bharat Petroleum,Q854826
628,629,Eversource Energy,Q3344199
629,630,Oneok,Q11074156
630,631,TD Ameritrade Holding,
631,632,Siam Commercial Bank,Q2038986
632,633,Edp-energias De Portugal,
633,634,Resona Holdings,Q1232514
634,635,Sumitomo Realty,Q4050347
635,636,Raiffeisen Bank International,Q2127528
636,637,Daqin Railway,Q5221832
637,638,Idemitsu Kosan,Q2216770
638,639,Unibail-Rodamco,Q608518
639,640,Parker-Hannifin,Q1470619
640,641,BOE Technology Group,Q22234667
641,642,Nokia,Q1418
642,643,Infosys,Q26989
643,644,Public Bank,Q251927
644,645,Kao,Q713706
645,646,Mapfre,Q544532
646,647,Geely Automobile Holdings,Q55118127
647,648,Siam Cement,Q1680777
648,649,Nan Ya Plastics,
649,650,PKN Orlen,Q971649
650,651,Naturgy Energy Group,Q474690
651,652,Kellogg,Q990875
652,653,WEC Energy Group,Q8027166
653,654,CNPC Capital,
654,655,Kyocera,Q745099
655,656,Telia,Q3347125
656,657,Eletrobrás,Q1328252
657,658,Guangzhou Automobile Group,Q1552770
658,659,CIMB Group Holdings,Q3045976
659,660,Prologis,Q16983765
660,661,Absa Group,Q331688
661,662,Sodexo,Q1475554
662,663,Isbank,Q2607251
663,664,Carrefour,Q217599
664,665,Republic Services,Q7314415
665,666,Publicis Groupe,Q1537378
666,667,Porsche Automobil Holding,Q2104551
667,668,D.R. Horton,
668,669,Kasikornbank,Q276557
669,670,Capgemini,Q1034621
670,671,Ross Stores,Q3442791
671,672,Deutsche Boerse,Q157852
672,673,Grupo Aval,Q2053387
673,674,Husky Energy,Q702049
674,675,CGN Power,Q18699320
675,676,West Japan Railway,Q502125
676,677,Legend Holding,Q6517739
677,678,Nutrien,Q48742870
678,679,Activision Blizzard,Q344341
679,680,Toray Industries,Q168115
680,681,Chubu Electric Power,Q1091203
681,682,China Tower Corp.,
682,683,Analog Devices,Q484930
683,684,Grupa PZU,Q1807170
684,685,Viacom,Q214346
685,686,Fidelity National Information,Q1411295
686,687,Sekisui House,Q1539141
687,688,Akzo Nobel,Q50912
688,689,Huntington Bank,Q798819
689,690,WH Group,Q17499655
690,691,Molson Coors Brewing,Q3319685
691,692,Haitong Securities,Q5639783
692,693,AES,Q190746
693,694,Tesla,Q9036
694,695,Falabella,Q613922
695,696,Fox,Q166419
696,697,Veolia Environnement,Q1632461
697,698,Link REIT,Q837533
698,699,Lenovo Group,Q14799
699,700,Atlas Copco,Q757164
700,701,Suncorp Group,Q2366028
701,702,All Nippon Airways,Q204284
702,703,T&D Holdings,Q127
703,704,Lam Research,Q1342041
704,705,Pioneer Natural Resources,Q4046987
705,706,Vivendi,Q1127887
706,707,VF,Q848662
707,708,Solvay,Q706184
708,709,UPM-Kymmene,Q1890664
709,710,Uniper,Q19839259
710,711,National Bank of Kuwait,Q4045072
711,712,Samba Financial Group,Q7408955
712,713,China Southern Airlines,Q291090
713,714,Nomura,Q21449594
714,715,Reinsurance Group of America,Q1793182
715,716,Eiffage,Q1302944
716,717,Cardinal Health,Q902397
717,718,Crown Castle International,Q5189320
718,719,Ericsson,Q52618
719,720,Sumitomo Chemical,Q137803
720,721,Tokyo Electron,Q1351484
721,722,Willis Towers Watson,Q21189883
722,723,CBRE Group,Q1023013
723,724,Essity Ab,Q30938280
724,725,Sandvik,Q27888829
725,726,CSL,Q209318
726,727,Credicorp,Q126559
727,728,Riyad Bank,Q3433985
728,729,London Stock Exchange,Q171240
729,730,Guotai Junan Securities,Q5619679
730,731,DSM,Q201561
731,732,Bancolombia,Q806206
732,733,Rolls-Royce Holdings,Q243278
733,734,Hong Kong Exchanges,Q751361
734,735,Otsuka Holding,Q5216177
735,736,Stanley Black & Decker,Q3129963
736,737,BYD,Q2608329
737,738,WestRock,Q21016487
738,739,CarMax,Q5037190
739,740,Aptiv,Q643626
740,741,Axis Bank,Q2003549
741,742,CenturyLink,Q5063092
742,743,Fortive,Q27919383
743,744,George Weston,Q5546186
744,745,Koç Holding,Q1306571
745,746,Huaneng Power International,Q1507642
746,747,Isuzu Motors,Q29803
747,748,Telkom Indonesia,Q2305438
748,749,China Energy Engineering,Q20724247
749,750,Unipol Gruppo,Q1503818
750,751,Teva Pharmaceutical,Q898750
751,752,Keyence,Q1475699
752,753,Neste,Q616376
753,754,Shanghai International Port,Q750131
754,755,Nedbank,Q2751701
755,756,Bangkok Bank,Q806483
756,757,China Reinsurance Group,
757,758,Formosa Plastics,Q4391877
758,759,Telecom Italia,Q144617
759,760,Concho Resources,Q22073190
760,761,Covestro,Q812142
761,762,Guangzhou R&F,Q1192340
762,763,LG,Q162345
763,764,Liberty Global,Q571779
764,765,Raymond James Financial,Q7298901
765,766,Fairfax Financial,Q1393210
766,767,ROSSETI,Q186748
767,768,China Eastern Airlines,Q291796
768,769,Tata Motors,Q188514
769,770,AIB Group,Q1642179
770,771,Fortis (Canada),
771,772,Woodside Petroleum,Q1812208
772,773,China Steel,Q712863
773,774,First Republic Bank,Q5453752
774,775,ATOS,Q757688
775,776,Japan Airlines,Q213140
776,777,Garanti Bank,Q322962
777,778,Edison International,Q662095
778,779,Galp Energia,Q1492739
779,780,Infineon Technologies,Q311394
780,781,Athene Holding,
781,782,Old Mutual,Q289704
782,783,AutoZone,Q4826087
783,784,Abu Dhabi Commercial Bank,Q4670123
784,785,Yanzhou Coal Mining,Q850451
785,786,Macy's,Q629269
786,787,NetEase,Q196259
787,788,Hermès International,Q843887
788,789,Fanuc,Q212116
789,790,Regeneron Pharmaceuticals,Q7308054
790,791,Novolipetsk Steel,Q1768082
791,792,Hanwha,Q489202
792,793,Dentsu,Q1189945
793,794,Carlsberg,Q113215
794,795,Textron,Q2140315
795,796,Bank of Jinzhou,Q21693120
796,797,SSE,Q739514
797,798,Huatai Securities,
798,799,Lotte Chemical,Q12594201
799,800,Hikvision,Q5760704
800,801,QBE Insurance Group,
801,802,Shaanxi Coal Industry,Q7459934
802,803,Shanghai Electric Group,
803,804,Saudi British Bank,
804,805,O'Reilly Automotive,
805,806,ITC,Q1504199
806,807,Chunghwa Telecom,Q717531
807,808,Shenzhen Overseas,Q27866051
808,809,EnBW-Energie Baden,Q644304
809,810,Comerica,Q1114148
810,811,Inner Mongolia Yili,Q1231406
811,812,Genuine Parts,Q5533818
812,813,PKO Bank Polski,Q578832
813,814,PG&E,Q691
814,815,Discovery,Q43404
815,816,Ferguson,Q2694490
816,817,Huishang Bank,Q11071935
817,818,Sanlam,Q847484
818,819,Williams,Q49166
819,820,Deutsche Wohnen,Q1204510
820,821,S&P Global,Q131
821,822,Wanhua Chemical Group,Q2599552
822,823,Fortum,Q808845
823,824,Mega Financial Holding,Q1791912
824,825,JBS,Q1676554
825,826,China Coal Energy,Q1073240
826,827,Emaar Properties,Q1153463
827,828,Canadian Pacific Railway,Q46974
828,829,Evraz Group,Q1382653
829,830,Mitsubishi Motors,Q36033
830,831,Wuliangye Yibin,Q3570160
831,832,Intuit,Q1318848
832,833,LabCorp,Q6466630
833,834,PTT Global Chemical,Q16306121
834,835,Bank Negara Indonesia,Q2882611
835,836,Galaxy Entertainment,Q57315685
836,837,Gemdale,Q16512362
837,838,E-Trade Financial,Q2607502
838,839,Kuehne & Nagel International,Q19799639
839,840,Kone,Q1146592
840,841,Ryanair Holdings,Q170614
841,842,Great Wall Motor,Q1117001
842,843,MGM Resorts,Q568532
843,844,Tokyo Gas,Q1813910
844,845,YPF,Q2598689
845,846,Daiwa Securities,Q11433563
846,847,ThyssenKrupp Group,
847,848,Vestas Wind Systems,Q868259
848,849,Sabanci Holding,Q902109
849,850,Mazda Motor,Q35996
850,851,DP World,Q1154956
851,852,Bharti Airtel,Q854867
852,853,Valeo,Q1305281
853,854,Ameren,Q462984
854,855,Secom,Q858957
855,856,Brighthouse Financial,Q39052929
856,857,Hilton,Q1158419
857,858,Wipro,Q1364176
858,859,Itaúsa,Q1579151
859,860,China Huarong Asset Management,Q21584822
860,861,Amphenol,Q474621
861,862,Daiichi Sankyo,Q669441
862,863,JSW Steel,Q6108978
863,864,Schindler Holding,Q2236141
864,865,Power Grid of India,
865,866,Scentre Group,Q18378048
866,867,Seagate Technology,Q705392
867,868,OTP Bank,Q912778
868,869,Aena,Q291464
869,870,Akbank,Q416624
870,871,SVB Financial Group,
871,872,Unum,Q143435
872,873,Towngas,Q7830116
873,874,Kuwait Finance House,Q2336459
874,875,Future Land Development Holdings,
875,876,Hindalco Industries,Q1619261
876,877,China Resources Pharmaceutical Group,
877,878,Eastman Chemical,Q899022
878,879,HCL Technologies,Q5629103
879,880,Conagra Brands,Q1123399
880,881,CP All,Q5013767
881,882,Stora Enso,Q747265
882,883,Bank Leumi,Q806641
883,884,Lear,Q309759
884,885,Kohl's,Q967265
885,886,MOL Hungarian Oil,
886,887,Xiamen C&D,Q10911437
887,888,S.F. Holding,
888,889,Zijin Mining Group,
889,890,CapitaLand,Q3272868
890,891,Steinhoff International,Q2340904
891,892,Inpex,Q1654229
892,893,China National Nuclear Power,
893,894,GF Securities,
894,895,Zoetis,Q8073337
895,896,Halkbank,Q16562645
896,897,Pembina Pipeline,Q7161915
897,898,ASE Technology Holding,
898,899,Taisei,Q26203362
899,900,TDK,Q163872
900,901,Shenwan Hongyuan Group,Q15914712
901,902,Weyerhaeuser,Q2663173
902,903,Kajima,Q27169064
903,904,Banque Saudi Fransi,Q7181252
904,905,Cheniere Energy,Q27926500
905,906,STMicroelectronics,Q661845
906,907,L3Harris Technologies,Q65053147
907,908,VakifBank,Q1148521
908,909,Randstad Holding,Q267840
909,910,South32,Q20648697
910,911,United Rentals,Q7889101
911,912,Braskem,Q899395
912,913,Mediobanca,Q749034
913,914,Arrow Electronics,Q2059537
914,915,Marathon Oil,Q1577587
915,916,Obayashi,Q10935770
916,917,RiseSun Real Estate Development,
917,918,Hormel Foods,Q1454852
918,919,Alliance Data Systems,
919,920,Franklin Resources,
920,921,China Hongqiao Group,
921,922,Hershey,Q868666
922,923,CMS Energy,Q5013012
923,924,Aluminum Corp of China,
924,925,Severstal,Q638448
925,926,Dubai Islamic Bank,Q5310570
926,927,BAIC Motor,Q33111848
927,928,Julius Baer Group,Q671901
928,929,Roper Technologies,Q16932392
929,930,Swatch Group,Q694107
930,931,Snam,Q583247
931,932,Norsk Hydro,Q511031
932,933,AntarChile,Q571092
933,934,Suntory Beverage & Food,Q17210124
934,935,Fortescue Metals Group,Q1438957
935,936,MTN Group,Q1813361
936,937,TCL,Q5288
937,938,China Merchants Securities,
938,939,Quanta Computer,Q696743
939,940,KT,Q128822
940,941,Shanghai Pharmaceuticals,Q10867753
941,942,Scor,Q920000
942,943,Bankia,Q806807
943,944,Dollar Tree,Q5289230
944,945,Origin Energy,Q847931
945,946,Shengjing Bank,Q1049624
946,947,Ball,Q18545
947,948,China Gezhouba,Q5555081
948,949,Yum! Brands,Q668737
949,950,Air France-KLM,Q407237
950,951,Amadeus IT Group,Q696061
951,952,AGC,Q720484
952,953,Arch Capital Group,Q28155430
953,954,CDW,Q561078
954,955,Tenaris,Q642106
955,956,Bank of Ireland,Q806689
956,957,Logan Property Holdings,Q18669563
957,958,Arconic,Q25104597
958,959,Bank Hapoalim,Q2666775
959,960,Beiersdorf,Q502568
960,961,IQVIA,Q305473
961,962,Vertex Pharmaceuticals,Q2744099
962,963,Alstom,Q309084
963,964,AvalonBay Communities,Q4827537
964,965,CEZ Group,Q336735
965,966,Fiserv,Q1420513
966,967,Bâloise Group,Q457912
967,968,China Grand Automotive Services,
968,969,Mylan,Q899010
969,970,Bank of East Asia,Q806679
970,971,Qurate Retail Group,
971,972,Krung Thai Bank,Q962865
972,973,Mahindra & Mahindra,Q60461120
973,974,CGI Group,Q1798370
974,975,Cemex,Q1053348
975,976,Altice USA,Q644289
976,977,Cosco Shipping,Q641021
977,978,Sharp,Q53227
978,979,WW Grainger,
979,980,Leonardo,Q762
980,981,Gap,Q175081
981,982,American Financial Group,Q4743779
982,983,Uni-President,Q7884615
983,984,Korea Gas,Q491489
984,985,Cenovus Energy,Q1053422
985,986,CenterPoint Energy,Q1053560
986,987,Motorola Solutions,Q634815
987,988,SMC,Q49984
988,989,Meituan Dianping,Q15907772
989,990,T Rowe Price,
990,991,Agile Group Holdings,
991,992,TUI,Q824122
992,993,Expedia Group,Q8085893
993,994,Public Storage,Q1156045
994,995,Guangzhou Rural Commercial Bank,Q11062006
995,996,Zions Bancorp,Q205378
996,997,Shiseido,Q728185
997,998,C.H. Robinson,Q931200
998,999,WR Berkley,
999,1000,Samsung SDI,Q21120876
1000,1001,ZTE,Q144952
1001,1002,Voya Financial,Q5972276
1002,1003,Arab National Bank,Q4783214
1003,1004,Centrica,Q259013
1004,1005,Financiere de l'Odet,Q444172
1005,1006,Wens Foodstuff Group,
1006,1007,Electronic Arts,Q173941
1007,1008,Bank Of Hangzhou,
1008,1009,GS Holdings,Q12581123
1009,1010,Pgnig Group,
1010,1011,HollyFrontier,Q5881864
1011,1012,DSV,Q1205300
1012,1013,Intuitive Surgical,Q2743863
1013,1014,Legrand,Q16872020
1014,1015,Inner Mongolia Baotou Steel,Q373291
1015,1016,En+ Group Plc Sponsored GDR RegS,
1016,1017,Sany Heavy Industry,
1017,1018,BDO Unibank,Q4854129
1018,1019,China Gas Holdings,
1019,1020,Aeroports de Paris,Q794563
1020,1021,Diamondback Energy,Q65091423
1021,1022,Asr Nederland,Q297996
1022,1023,NEC,Q219203
1023,1024,Db Insurance,Q5295830
1024,1025,JM Smucker,
1025,1026,Schaeffler,Q37509721
1026,1027,Zimmer Biomet,Q203552
1027,1028,China Jinmao,Q5492439
1028,1029,Hengli Petrochemical,
1029,1030,ALFA,Q9659
1030,1031,Shanghai Construction,Q15528181
1031,1032,Qatar Islamic Bank,Q18346281
1032,1033,CJ Cheiljedang,Q6451272
1033,1034,Turkish Airlines,Q4548
1034,1035,Thomson Reuters,Q1141267
1035,1036,Investor AB,Q1671804
1036,1037,Adecco,Q28134236
1037,1038,Rockwell Automation,Q1529234
1038,1039,Moody's,Q675585
1039,1040,Datang International Power,Q287744
1040,1041,Accor,Q212599
1041,1042,IndusInd Bank,Q2040323
1042,1043,Intact Financial,Q3152974
1043,1044,J Sainsbury,Q18043414
1044,1045,Thai Beverage,Q15304350
1045,1046,Yamaha Motor,Q158888
1046,1047,Cintas,Q1092571
1047,1048,Beijing Enterprises,Q836569
1048,1049,Gallagher,Q1492185
1049,1050,Continental Resources,Q5165314
1050,1051,Daito Trust Construction,Q11436136
1051,1052,China Shipbuilding Industry,Q1073506
1052,1053,Shin Kong Financial,
1053,1054,BBMG,Q4415024
1054,1055,MediaTek,Q699848
1055,1056,Onex,Q68240
1056,1057,Tokyu,Q58415879
1057,1058,WellCare Health Plans,Q7981065
1058,1059,Mitsubishi UFJ Lease,Q11357003
1059,1060,Celanese,Q547450
1060,1061,Hesteel,Q675867
1061,1062,Interactive Brokers Group,Q3901581
1062,1063,Sumitomo Metal Mining,Q1685648
1063,1064,Japan Exchange Group,Q11507487
1064,1065,Mohawk Industries,Q6893780
1065,1066,Sojitz,Q586260
1066,1067,Investec,Q1671741
1067,1068,NetApp,Q704548
1068,1069,Yum China Holdings,Q30645592
1069,1070,Melrose Industries Plc,Q3305280
1070,1071,Universal Health,Q45219779
1071,1072,Gecina,Q1497417
1072,1073,Restaurant Brands International,Q18619470
1073,1074,Dexia,Q4119443
1074,1075,Norwegian Cruise Line Holdings,Q60767471
1075,1076,Sika,Q361332
1076,1077,Zhejiang Zheneng Electric Power,
1077,1078,Singapore Airlines,Q32245
1078,1079,Technipfmc,Q30324333
1079,1080,BCI-Banco Credito,
1080,1081,SDIC Power Holdings,
1081,1082,Dassault Aviation,Q460487
1082,1083,First Financial Holding,
1083,1084,Barrick Gold,Q808908
1084,1085,Shimizu,Q16883193
1085,1086,Vistra Energy,
1086,1087,Invesco,Q522617
1087,1088,Mosaic,Q133067
1088,1089,Oi,Q384981
1089,1090,Jiangsu Yanghe Brewery,
1090,1091,Klepierre,Q3197950
1091,1092,SM Investments,Q7391498
1092,1093,Harris,Q10859343
1093,1094,Agilent Technologies,Q393762
1094,1095,Altice Europe,Q15944611
1095,1096,Joint Stock Commercial Bank for Foreign Trade of Vietnam,
1096,1097,Kyushu Electric Power,Q694507
1097,1098,Markel,Q5999558
1098,1099,Welltower,
1099,1100,Twitter,Q918
1100,1101,Kerry Group,Q253967
1101,1102,Angang Steel,Q2227422
1102,1103,Hoya,Q157749
1103,1104,Illumina,Q2068984
1104,1105,Mondi,Q779252
1105,1106,Steel Dynamics,Q7605667
1106,1107,Bajaj Finserv,Q18636352
1107,1108,Boston Properties,Q4844439
1108,1109,Insurance Australia Group,Q1665336
1109,1110,American Water Works,Q15751975
1110,1111,Goodyear,Q79457
1111,1112,Banco de Sabadell,Q762330
1112,1113,Knorr-Bremse,Q256290
1113,1114,Annaly Capital Management,Q16828730
1114,1115,Helvetia Holding,
1115,1116,LG Display,Q483006
1116,1117,Harbin Bank,Q1049674
1117,1118,Alinma Bank,Q4120111
1118,1119,Grupo Inbursa,
1119,1120,AGL Energy,Q292374
1120,1121,E.Sun Financial,
1121,1122,Paychex,Q946080
1122,1123,AerCap Holdings,
1123,1124,Rongsheng Petrochemical,Q55454117
1124,1125,Bunge,Q65899
1125,1126,Meiji Holdings,Q11512295
1126,1127,Bankinter,Q806808
1127,1128,Westlake Chemical,Q17326957
1128,1129,Grifols,Q901262
1129,1130,KLA-Tencor,Q624649
1130,1131,Monster Beverage,Q1945295
1131,1132,Darden Restaurants,Q742196
1132,1133,Ferrovial,Q1408037
1133,1134,Encana,Q688687
1134,1135,Taiwan Cooperative Financial,
1135,1136,Industries Qatar,Q12220267
1136,1137,Clorox,Q910368
1137,1138,Lonza Group,Q674216
1138,1139,Hankyu Hanshin Holdings,Q841220
1139,1140,Ternium,Q918208
1140,1141,Tohoku Electric Power,Q592765
1141,1142,BorgWarner,Q825943
1142,1143,Attijariwafa Bank,Q758052
1143,1144,Ulta Beauty,Q7880076
1144,1145,CIFI Holdings Group,
1145,1146,Samsung SDS,Q7410538
1146,1147,Molina Healthcare,Q6896175
1147,1148,Saudi Arabian Mining,
1148,1149,Interpublic Group,Q1501630
1149,1150,Skanska,Q1537811
1150,1151,Amcor,Q460307
1151,1152,Guosen Securities,Q5619672
1152,1153,SGS,Q213434
1153,1154,Tokyo Century,
1154,1155,Evergy,Q7987107
1155,1156,PVH,Q1132272
1156,1157,Host Hotels & Resorts,Q1630559
1157,1158,Saputo,Q37504167
1158,1159,Whirlpool,Q607538
1159,1160,TransDigm Group,Q7833612
1160,1161,Kobe Steel,Q1730802
1161,1162,Voestalpine,Q689750
1162,1163,Aramark,Q625708
1163,1164,China Galaxy Securities,Q15952752
1164,1165,China International Marine,Q1073291
1165,1166,CJ Corporation,Q16165708
1166,1167,Jeronimo Martins,Q1688026
1167,1168,Terna,Q936325
1168,1169,PulteGroup,Q7259716
1169,1170,China Development Financial,Q10876574
1170,1171,China Resources Power,Q748693
1171,1172,Bank Pekao,Q806642
1172,1173,Covivio,Q741445
1173,1174,Oriental Land,Q868679
1174,1175,Xilinx,Q1046482
1175,1176,Schroders,Q1142797
1176,1177,Wynn Resorts,Q2274089
1177,1178,Bank of Tianjin,Q10940359
1178,1179,GD Power Development,Q1485050
1179,1180,Equinix,Q851641
1180,1181,UBI Banca,Q3633701
1181,1182,Cosmo Energy Holdings,Q22122895
1182,1183,UCB,Q736674
1183,1184,3i Group,Q229764
1184,1185,Yara International,Q901886
1185,1186,GAIL India,
1186,1187,Givaudan,Q596811
1187,1188,Hyundai Steel,Q6502960
1188,1189,Inter Rao,Q1963801
1189,1190,Ferrari,Q27586
1190,1191,Industrial Alliance Insurance,
1191,1192,Vienna Insurance Group,Q694257
1192,1193,Petronas Chemicals,
1193,1194,Terumo,Q3518961
1194,1195,Newmont Mining,Q1785405
1195,1196,Masco,Q6782872
1196,1197,Ricoh,Q178778
1197,1198,Top Frontier Investment Holdings,Q48804700
1198,1199,Punjab National Bank,Q2743499
1199,1200,Edwards Lifesciences,Q16966841
1200,1201,Pegatron,Q4046573
1201,1202,Indorama Ventures,Q6026518
1202,1203,Bank Of Guiyang,
1203,1204,S-Oil,Q185564
1204,1205,Arkema,Q673327
1205,1206,Airports of Thailand,Q409075
1206,1207,NRG Energy,Q6955139
1207,1208,Dassault Systemes,Q1172038
1208,1209,Experian,Q692157
1209,1210,US Steel,Q31567165
1210,1211,Advanced Info Service,Q379592
1211,1212,Expeditors International,Q1384324
1212,1213,Jiangsu Hengrui Medicine,Q55454081
1213,1214,Hess,Q15755050
1214,1215,HAL Trust,
1215,1216,LG Household & Health Care,Q16169971
1216,1217,Grasim Industries,Q906943
1217,1218,Phoenix Group Holdings,Q7186887
1218,1219,Assa Abloy,Q738421
1219,1220,Charoen Pokphand Foods,Q1067634
1220,1221,Worldpay,Q2900982
1221,1222,Yuanta Financial Holding,
1222,1223,Concordia Financial Group,Q22122898
1223,1224,SKF Group,
1224,1225,Genworth Financial,Q1502712
1225,1226,Bank of Baroda,Q2003797
1226,1227,Jiangxi Copper,Q1518015
1227,1228,Bank of Changsha,
1228,1229,China Mengniu Dairy,Q985475
1229,1230,Grupo Elektra,Q1142753
1230,1231,HCP,Q424390
1231,1232,Equity Residential,Q187740
1232,1233,Shionogi,Q3482319
1233,1234,Foshan Haitian Flavouring and Food,
1234,1235,Quest Diagnostics,Q7271456
1235,1236,Ayala,Q15540752
1236,1237,China International Capital,Q5099737
1237,1238,Magnitogorsk Iron & Steel,Q1884500
1238,1239,Ashtead Group,Q4805956
1239,1240,Bank Of Chengdu,Q11074691
1240,1241,Brown-Forman,Q392221
1241,1242,Hunan Valin Steel,Q5942059
1242,1243,Delta Electronics,Q5254620
1243,1244,East West Bancorp,Q5329659
1244,1245,New Residential Investment,
1245,1246,Fastenal,Q3067119
1246,1247,Power Finance,Q7236317
1247,1248,Henry Schein,Q905086
1248,1249,FleetCor Technologies,Q16838618
1249,1250,Hexagon,Q83043
1250,1251,Dai Nippon Printing,Q1157511
1251,1252,Metro Group,Q169167
1252,1253,Goodman Group,Q3110722
1253,1254,Torchmark,Q7825574
1254,1255,Ctrip.com International,Q5191790
1255,1256,China Life Insurance (Taiwan),
1256,1257,McCormick,Q15224082
1257,1258,Storebrand,Q1783279
1258,1259,HNA Technology,Q48816378
1259,1260,Apache,Q102090
1260,1261,Brenntag,Q828445
1261,1262,RSA Insurance Group,Q1780407
1262,1263,NVR,Q754479
1263,1264,Skyworks Solutions,Q7538146
1264,1265,China International Travel Service,
1265,1266,Johnson Matthey,Q502470
1266,1267,Hua Nan Financial,Q16510360
1267,1268,Huntington Ingalls Industries,Q7257522
1268,1269,Unicharm,Q5361268
1269,1270,China Molybdenum,Q5099785
1270,1271,Yango Group,
1271,1272,Wolters Kluwer,Q249798
1272,1273,Hyundai Marine & Fire,Q482973
1273,1274,Umicore,Q902769
1274,1275,Waste Connections,Q7972797
1275,1276,Sino-Ocean Group Holding,
1276,1277,AGNC Investment,
1277,1278,Signature Bank,Q24204571
1278,1279,Cerner,Q1055390
1279,1280,Huadian Power International,Q5925035
1280,1281,Power Assets Holdings,Q3400900
1281,1282,Ahli United Bank,Q18746438
1282,1283,Qantas Airways,Q32491
1283,1284,Ametek,Q470317
1284,1285,Cathay Pacific Airways,Q32141
1285,1286,LKQ,Q20711490
1286,1287,LARGAN Precision,Q6488962
1287,1288,X5 Retail Group,Q258748
1288,1289,Canara Bank,Q2003777
1289,1290,Digital Realty Trust,Q5275969
1290,1291,Crown Holdings,Q5189378
1291,1292,Doosan,Q1879363
1292,1293,Valeant Pharmaceuticals,Q1700871
1293,1294,Transurban Group,
1294,1295,Mitsui Chemicals,Q777141
1295,1296,Maanshan Iron & Steel,Q1859119
1296,1297,Jacobs Engineering,Q3157622
1297,1298,Partners Group Holding,Q684222
1298,1299,AVIC Capita,
1299,1300,Focus Media Information Technology,
1300,1301,Koito Manufacturing,Q11463459
1301,1302,Check Point Software,Q176587
1302,1303,Quinenco,Q6095481
1303,1304,Leidos,Q502132
1304,1305,Dover,Q179224
1305,1306,Grupo Bimbo,Q775031
1306,1307,Sino Biopharmaceutical,Q55454162
1307,1308,Everest Re Group,Q1381973
1308,1309,Jinke Property Group,Q15956358
1309,1310,Bombardier,Q333498
1310,1311,L Brands,Q931354
1311,1312,Wuestenrot & Wuerttembergische,Q994811
1312,1313,DaVita,Q5207184
1313,1314,Ventas,Q2014690
1314,1315,Coca-Cola HBC,Q58206787
1315,1316,Tenet Healthcare,Q3518066
1316,1317,Metro,Q5503
1317,1318,Bluescope Steel,Q885589
1318,1319,Hyundai Heavy Industries,Q483231
1319,1320,Techtronic Industries,Q2399612
1320,1321,Fukuoka Financial Group,Q5507690
1321,1322,Tractor Supply,Q15109925
1322,1323,National Oilwell Varco,Q1817417
1323,1324,Shanxi Taigang Stainless,Q56087556
1324,1325,Shinsei Bank,Q571997
1325,1326,Lotte Shopping,Q12594197
1326,1327,Alrosa,Q294508
1327,1328,Fidelity National Financial,Q5446791
1328,1329,RTL Group,Q921159
1329,1330,Manpower,Q1472539
1330,1331,Navient,Q19903490
1331,1332,Banco BPM,Q27331643
1332,1333,Chow Tai Fook Jewellery,Q48880993
1333,1334,Bank of India,Q2004439
1334,1335,Liberty Expedia Holdings,
1335,1336,Shenzhou International Group Holdings,
1336,1337,Bunzl,Q872718
1337,1338,US Foods,Q1668265
1338,1339,Chugoku Electric Power,Q73171
1339,1340,Contemporary Amperex Technology,Q18653563
1340,1341,Emera,Q5370387
1341,1342,KION Group,Q1742326
1342,1343,Daishi Hokuetsu Financial Group,
1343,1344,RHB Bank,Q4207443
1344,1345,Nordstrom,Q174310
1345,1346,Yamato Holdings,Q3571463
1346,1347,Chesapeake Energy,Q2962826
1347,1348,NARI Technology Development,
1348,1349,Santos,Q81882
1349,1350,Eisai,Q366128
1350,1351,Electric Power Development,Q3805077
1351,1352,Targa Resources,Q7685824
1352,1353,Keppel,Q5355562
1353,1354,Advance Auto Parts,Q4686051
1354,1355,Bank of Chongqing,Q15122856
1355,1356,Popular,Q838367
1356,1357,Zhongsheng Group Holdings,Q406456
1357,1358,IHS Markit,Q1662481
1358,1359,Campbell Soup,Q1030544
1359,1360,Microchip Technology,Q1545076
1360,1361,Coloplast,Q669141
1361,1362,STRABAG,Q681316
1362,1363,Chiba Bank,Q1071712
1363,1364,Colruyt,Q2363991
1364,1365,Brambles,Q26424037
1365,1366,Hydro One,Q3143709
1366,1367,Verisk Analytics,Q7921370
1367,1368,Oji Holdings,Q11572978
1368,1369,Greentown China Holdings,
1369,1370,Magnit,Q940518
1370,1371,Osaka Gas,Q385775
1371,1372,Segro,Q2205753
1372,1373,Alleghany,Q4731258
1373,1374,Olam International,Q5950695
1374,1375,Bohai Leasing,Q17038681
1375,1376,Jones Lang LaSalle,Q1703389
1376,1377,Smith & Nephew,Q1639825
1377,1378,J.B. Hunt Transport Services,Q4041705
1378,1379,Medipal Holdings,Q11343877
1379,1380,360 Security Technology,
1380,1381,Coty,Q1104787
1381,1382,VeriSign,Q734338
1382,1383,St. James's Place,Q7588412
1383,1384,Barratt Developments,Q591090
1384,1385,BPER Banca,Q806167
1385,1386,Maxim Integrated Products,Q1784671
1386,1387,Meritz Financial Group,
1387,1388,Red Eléctrica,Q1551220
1388,1389,NEXON,Q175770
1389,1390,Packaging Corp of America,
1390,1391,Shanghai International Airport,Q7488459
1391,1392,Materials Industry Zhongda Group,
1392,1393,Hainan Airlines,Q292428
1393,1394,Cincinnati Financial,Q5120253
1394,1395,Garmin,Q658789
1395,1396,Canadian Tire,Q1032400
1396,1397,Nine Dragons Paper Holdings,
1397,1398,Nippon Yusen,Q1478918
1398,1399,Kintetsu,Q1531085
1399,1400,Verbund,Q688816
1400,1401,Anta Sports Products,Q4653060
1401,1402,IAC/InterActiveCorp,Q974846
1402,1403,Global Payments,Q5570544
1403,1404,Penske Automotive,Q1975799
1404,1405,Showa Denko,Q905412
1405,1406,Shizuoka Bank,Q7499501
1406,1407,Persimmon,Q29526
1407,1408,Alfresa Holdings,Q17192324
1408,1409,Live Nation Entertainment,Q1061903
1409,1410,XPO Logistics,Q8042415
1410,1411,Lixil Group,Q11229276
1411,1412,Bank of Zhengzhou,Q15925949
1412,1413,OMRON,Q501376
1413,1414,DCC,Q598944
1414,1415,Sun Art Retail Group,Q15534494
1415,1416,Beijing Capital Development,
1416,1417,Advanced Micro Devices,Q128896
1417,1418,Nitori Holdings,Q17212489
1418,1419,Arca Continental,Q3052063
1419,1420,Masraf Al Rayan,
1420,1421,BNK Financial Group,
1421,1422,Assurant,Q4810399
1422,1423,NASDAQ,Q82059
1423,1424,Bawag Group,
1424,1425,Shanghai Commercial & Savings Bank,Q4207208
1425,1426,Iida Group Holdings,Q17192733
1426,1427,Mirae Asset Daewoo,Q5208293
1427,1428,Far East Horizon,Q15953507
1428,1429,CSN,Q291090
1429,1430,Bank Of Gansu,
1430,1431,People's United Financial,Q7165802
1431,1432,E-mart,Q490371
1432,1433,Kerry Properties,Q4042172
1433,1434,ENN Energy Holdings,
1434,1435,Next,Q728539
1435,1436,Tech Data,Q1715931
1436,1437,Wm Morrison Supermarkets,Q922344
1437,1438,Hong Leong Financial,Q4206859
1438,1439,Arab Bank,Q2629881
1439,1440,Sekisui Chemical,Q11597149
1440,1441,Korea Investment Holdings,
1441,1442,Flex,Q212794
1442,1443,Naver,Q485639
1443,1444,Orient Securities,Q24727812
1444,1445,Union Bank of India,Q2004078
1445,1446,Korean Air,Q213147
1446,1447,Mebuki Financial Group,Q24870433
1447,1448,Gudang Garam,Q1553005
1448,1449,American Equity Investment,
1449,1450,Spirit AeroSystems,Q3493556
1450,1451,Ooredoo Q.P.S.C,
1451,1452,Yonghui Superstores,
1452,1453,Chongqing Rural Bank,
1453,1454,First Horizon National,Q1419446
1454,1455,Electrolux Group,Q505922
1455,1456,Synopsys,Q2303478
1456,1457,Mitsubishi Materials,Q1423176
1457,1458,Church & Dwight,Q9592
1458,1459,Xylem,Q122811
1459,1460,Total System Services,Q7671766
1460,1461,China Merchants Port Holdings,Q268784
1461,1462,Tapestry,Q184296
1462,1463,Compal Electronics,Q705272
1463,1464,Red Hat,Q485593
1464,1465,Proximus,Q2005282
1465,1466,Waters,Q1175589
1466,1467,Sistema,Q1781702
1467,1468,Mashreq Bank,Q1538829
1468,1469,Pinnacle West,Q26110522
1469,1470,Vornado Realty,Q368181
1470,1471,Xiamen International Trade Group,
1471,1472,Reliance Steel,Q7311031
1472,1473,Abu Dhabi Islamic Bank,Q4670141
1473,1474,AECOM Technology,Q2825507
1474,1475,Bank Audi,Q4855900
1475,1476,Kawasaki Heavy Industries,Q748148
1476,1477,Toppan Printing,Q986752
1477,1478,Boliden,Q891347
1478,1479,Cielo,Q3676581
1479,1480,Lululemon Athletica,Q6702957
1480,1481,Empresas CMPC,Q1142823
1481,1482,Nitto Denko,Q763637
1482,1483,Huntsman,Q1714828
1483,1484,Antofagasta,Q3612
1484,1485,Beijing Shougang,Q2627897
1485,1486,B3,Q796297
1486,1487,Realty Income,Q7301386
1487,1488,Bandai Namco Holdings,Q806259
1488,1489,Xinyu Iron & Steel,Q11081084
1489,1490,Alliant Energy,Q4732492
1490,1491,Sinotruk Hong Kong,
1491,1492,Geberit,Q464905
1492,1493,KT&G,Q128822
1493,1494,Spotify Technology,Q60269744
1494,1495,Yandex NV,
1495,1496,Alexion Pharmaceuticals,Q204727
1496,1497,Micro Focus International,Q1931458
1497,1498,Mitsui OSK Lines,
1498,1499,Cattolica Assicurazioni,Q783179
1499,1500,Hyundai Engineering,Q16255907
1500,1501,Chang Hwa Bank,Q5071627
1501,1502,China Communications Services,Q5099641
1502,1503,Bajaj Auto,Q10910065
1503,1504,Kingfisher,Q1013136
1504,1505,CIT Group,Q1023765
1505,1506,Nippon Express,Q1993298
1506,1507,Dexus,Q34372165
1507,1508,El Puerto de Liverpool,Q1143318
1508,1509,Israel Discount Bank,Q250362
1509,1510,Maroc Telecom,Q59772114
1510,1511,MSCI,Q950900
1511,1512,Mettler-Toledo International,
1512,1513,Taishin Financial Holdings,Q3461686
1513,1514,Xerox,Q152433
1514,1515,Western Union,Q861042
1515,1516,Hang Lung Group,Q4774435
1516,1517,SEB SA,Q7442317
1517,1518,Cencosud,Q1053372
1518,1519,ICA Gruppen,Q1663776
1519,1520,Jyske Bank,Q136672
1520,1521,KPN,Q338633
1521,1522,Ceconomy,Q28858523
1522,1523,Halyk Bank,Q1046186
1523,1524,Kaisa Group Holdings,
1524,1525,Jiangxi Bank,
1525,1526,Finatis,Q1416676
1526,1527,Zhongyuan Bank,Q15936363
1527,1528,Banca MPS,Q46730
1528,1529,Lindt & Sprungli,Q152822
1529,1530,Dangote Cement,Q5216192
1530,1531,Epiroc,Q47498532
1531,1532,Jefferies Financial,Q6533918
1532,1533,Caesars Entertainment,Q892498
1533,1534,Chemours,Q20630716
1534,1535,Blom Bank,Q20391833
1535,1536,Daelim Industrial,Q488223
1536,1537,HELLA,Q1602616
1537,1538,Haseko,Q11654016
1538,1539,ON Semiconductor Corp.,
1539,1540,AMP,Q25272
1540,1541,Jabil Circuit,Q2171646
1541,1542,Noble Energy,Q2659099
1542,1543,Tech Mahindra,Q1131463
1543,1544,World Fuel Services,Q8035757
1544,1545,AutoNation,Q784804
1545,1546,CPFL Energia,Q1121216
1546,1547,KWG Group Holdings,
1547,1548,GS Engineering,Q30298019
1548,1549,Pearson,Q2065931
1549,1550,Starwood Property Trust,
1550,1551,General Insurance Corporation Of India,Q5531960
1551,1552,Hokuhoku Financial Group,Q11277712
1552,1553,Taylor Wimpey,Q746365
1553,1554,Community Health Systems,Q5154770
1554,1555,SG Holdings,Q11243007
1555,1556,Vulcan Materials,Q1685287
1556,1557,Samsung Electro-Mechanics,Q627018
1557,1558,Guangzhou Baiyunshan Pharmaceutical Holdings,
1558,1559,News Corp,Q14289857
1559,1560,Tahoe Group,
1560,1561,Qingdao Rural Commercial Bank,
1561,1562,SBI Holdings,Q1113213
1562,1563,Almarai,Q3535226
1563,1564,Frontier Communications,Q2974454
1564,1565,New York Community Bancorp,
1565,1566,Xiamen Xiangyu,
1566,1567,UGI,Q560739
1567,1568,Mowi ASA,
1568,1569,MTU Aero Engines AG,Q128929
1569,1570,NiSource,Q1984481
1570,1571,LEG Immobilien AG,Q1802165
1571,1572,Hopson Development Holdings,Q25996
1572,1573,ServiceNow,Q7455653
1573,1574,IHI,Q1653679
1574,1575,Workday,Q8034666
1575,1576,Alcoa,Q135325
1576,1577,Old Dominion Freight Line,Q7083862
1577,1578,Air Canada,Q185339
1578,1579,Wistron,Q441821
1579,1580,Citrix Systems,Q916196
1580,1581,Tiffany & Co.,Q16913772
1581,1582,EMS-Chemie Holding,Q1339621
1582,1583,Banco Comercial Portugues,Q118581
1583,1584,Avery Dennison,Q790650
1584,1585,Hertz Global Holdings,Q1543874
1585,1586,First Quantum Minerals,Q1419532
1586,1587,Symantec,Q677085
1587,1588,Times Property Holdings,
1588,1589,Nishi-nippon Financial Holdings,
1589,1590,Kyushu Financial Group,Q22130448
1590,1591,China Resources Gas Group,Q5099882
1591,1592,Pan Pacific International Holdings,
1592,1593,Yamaguchi Financial,Q11044787
1593,1594,NSK,Q631375
1594,1595,Hachijuni Bank,Q11390608
1595,1596,Ajinomoto,Q412826
1596,1597,Olympus,Q688619
1597,1598,Kansas City Southern,Q16980898
1598,1599,Gjensidige Forsikring,Q3108236
1599,1600,Renesas Electronics,Q1196269
1600,1601,Caltex Australia,
1601,1602,Luzhou Lao Jiao,
1602,1603,Match Group,Q23133268
1603,1604,SS&C Technologies,Q958
1604,1605,Autodesk,Q628051
1605,1606,Sun Pharma Industries,
1606,1607,North Pacific Bank,Q11402354
1607,1608,Uniqa,Q43405950
1608,1609,Pirelli,Q207770
1609,1610,Alexandria Real Estate Equities,Q48739877
1610,1611,Banco Davivienda,Q5242054
1611,1612,Csc Financial,Q27833474
1612,1613,PBF Energy,Q16979157
1613,1614,Luxshare Precision Industry,
1614,1615,Minebea,Q820239
1615,1616,Rajesh Exports,Q48731600
1616,1617,Bank of Kyoto,Q11375713
1617,1618,Align Technology,Q30314832
1618,1619,PGE Polska Grupa Energetyczna,Q787714
1619,1620,Hiroshima Bank,Q11064596
1620,1621,Zhejiang Longsheng Group,
1621,1622,Fastighets Balder,
1622,1623,INTL FCStone,Q1666331
1623,1624,Latam Airlines,Q649178
1624,1625,BOK Financial,Q2162158
1625,1626,Quilter,Q46984315
1626,1627,Essex Property Trust,Q27964091
1627,1628,Cullen/Frost Bankers,Q5506152
1628,1629,Guangdong Investment,Q5613634
1629,1630,China Resources Cement Holdings,
1630,1631,Shimano,Q949610
1631,1632,Ares Capital,Q4789079
1632,1633,77 Bank,
1633,1634,Kangmei Pharmaceutical,Q52849282
1634,1635,Banque Cantonale Vaudoise,Q685533
1635,1636,Chugoku Bank,Q10874785
1636,1637,Tosoh,Q906991
1637,1638,Ultrapar Participacoes,Q1579222
1638,1639,LG Uplus,Q626409
1639,1640,Metropolitan Bank & Trust,Q6824995
1640,1641,Newell Brands,Q667599
1641,1642,Chongqing Changan Auto,Q29366
1642,1643,Petro Rabigh,Q7178875
1643,1644,Tingyi Holding,
1644,1645,SLM,Q669606
1645,1646,National Bank of Greece,Q1816028
1646,1647,Merlin Properties SOCIMI S.A,
1647,1648,SYNNEX,Q7662493
1648,1649,Copart,Q16951448
1649,1650,Gunma Bank,Q11609920
1650,1651,Bank Muscat,Q806607
1651,1652,Toll Brothers,Q7814310
1652,1653,Acciona,Q339142
1653,1654,GPT Group,Q3100507
1654,1655,Shenzhen Mindray Bio-Medical Electronics,
1655,1656,Mr. Cooper Group,
1656,1657,"Burlington Stores,",Q4999220
1657,1658,Piraeus Bank,Q3312
1658,1659,Yunnan Baiyao Group,Q8061323
1659,1660,Companhia Brasileira de Distribuicao,Q1541470
1660,1661,Erdemir,Q934796
1661,1662,Avis Budget Group,Q2874395
1662,1663,Frasers Property Limited,
1663,1664,Whitbread,Q1435702
1664,1665,Invitation Homes,
1665,1666,Alpha Bank,Q747394
1666,1667,Hyundai Glovis,Q5962598
1667,1668,Novozymes,Q45576
1668,1669,Mizrahi Tefahot Bank,Q2777129
1669,1670,Wärtsilä,Q327429
1670,1671,Foot Locker,Q63335
1671,1672,Alaska Air Group,Q4033665
1672,1673,Square,Q174782
1673,1674,Iyo Bank,Q2895314
1674,1675,Nippon Steel Trading,
1675,1676,China Longyuan Power,Q130889
1676,1677,Eurobank Ergasias,Q951850
1677,1678,Ralph Lauren,Q296647
1678,1679,Deutsche Pfandbriefbank,Q15857244
1679,1680,Safaricom,Q7398410
1680,1681,New Hope Liuhe,
1681,1682,Unicaja Banco,Q20908850
1682,1683,Rite Aid,Q3433273
1683,1684,Far Eastern New Century,Q5434558
1684,1685,Industrivarden,Q11977084
1685,1686,W.P. Carey,
1686,1687,Steel Authority of India,Q1371239
1687,1688,Everbright Securities,Q5416931
1688,1689,Wayfair,Q3540193
1689,1690,Jiangsu Zhongnan Construction Group,
1690,1691,Mercuries & Associates,Q5367786
1691,1692,Snap-on,Q1631922
1692,1693,Liuzhou Iron & Steel,
1693,1694,Suzuken,Q11311754
1694,1695,China Aviation Oil,Q5099582
1695,1696,China National Chemical,Q16739781
1696,1697,Nielsen,Q16511256
1697,1698,Sterling Bancorp,Q17083240
1698,1699,Pinduoduo,Q47015652
1699,1700,DGB Financial Group,Q31178959
1700,1701,Commercial Bank of Qatar,
1701,1702,Avnet,Q4829076
1702,1703,Viva Energy Group,
1703,1704,Kingboard Holdings,
1704,1705,Moscow Exchange,Q2632892
1705,1706,Adani Ports & Special Economic Zone,Q16058076
1706,1707,Great Eagle Holdings,Q4039682
1707,1708,Cabot Oil & Gas,Q4035714
1708,1709,BayWa,Q812055
1709,1710,Juroku Bank,Q11404883
1710,1711,Synovus Financial,Q3508889
1711,1712,Hyakugo Bank,Q11580676
1712,1713,Fluor,Q1002150
1713,1714,Cybg,Q23022218
1714,1715,FinecoBank,Q3745690
1715,1716,Commercial Bank For Investment & Development Of Vietnam,
1716,1717,Empire,Q71084
1717,1718,Hakuhodo DY Holdings,Q11408888
1718,1719,Rexel,Q962489
1719,1720,JG Summit Holdings,Q6108205
1720,1721,Inner Mongolia Yitai Coal,Q10885038
1721,1722,Hengan International Group,
1722,1723,ResMed,Q7314903
1723,1724,Wendel,Q18180180
1724,1725,Fuyao Glass Industry Group,Q1254961
1725,1726,Seiko Epson,Q159614
1726,1727,Shiga Bank,Q11564978
1727,1728,Banco de Chile,Q2882085
1728,1729,Banca Mediolanum,Q3633712
1729,1730,Hanwa,Q59815777
1730,1731,Atmos Energy,Q4817084
1731,1732,IDBI Bank,Q3633485
1732,1733,Arista Networks,Q2861324
1733,1734,Burelle,Q36874827
1734,1735,Martin Marietta Materials,Q6776123
1735,1736,Metalurgica Gerdau,Q3307276
1736,1737,Atlassian,Q757307
1737,1738,Shopify,Q7501150
1738,1739,Performance Food Group,Q2070689
1739,1740,Toho Bank,Q3650497
1740,1741,First Citizens Bank,Q5452734
1741,1742,Taiwan Business Bank,Q15913812
1742,1743,WPG Holdings,
1743,1744,Advanz Pharma,
1744,1745,Tokyu Fudosan,Q17219597
1745,1746,First Pacific,Q305393
1746,1747,Ogaki Kyoritsu Bank,Q11433765
1747,1748,Vingroup,Q10831597
1748,1749,Ansys,Q295774
1749,1750,SinoPac Financial,
1750,1751,San-In Godo Bank,Q11047543
1751,1752,Wirecard,Q587325
1752,1753,Nanto Bank,Q4045062
1753,1754,Universal Entertainment,Q2866046
1754,1755,Mirvac Group,Q3316188
1755,1756,Grupo Bolivar,Q26207810
1756,1757,Constellation Software,Q48801091
1757,1758,Albemarle,Q921689
1758,1759,Bank of Xi'an,
1759,1760,Adient,Q26832896
1760,1761,Zain,Q144356
1761,1762,IDEXX Laboratories,Q1758392
1762,1763,Sansteel Minguang,
1763,1764,RMB Holdings,Q22908349
1764,1765,Bendigo & Adelaide Bank,Q497793
1765,1766,Aozora Bank,Q4778847
1766,1767,Red Star Macalline Group,Q22704472
1767,1768,Central Bank of India,Q2007090
1768,1769,Founder Securities,Q11084898
1769,1770,Vietin Bank,
1770,1771,Senshu Ikeda Holdings,Q11551995
1771,1772,Syndicate Bank,Q2004088
1772,1773,Celltrion,Q30260343
1773,1774,Inventec,Q6059838
1774,1775,Orient,Q19595
1775,1776,Credito Emiliano,Q3696881
1776,1777,SDIC Capital,
1777,1778,Indiabulls Housing Finance,Q30637022
1778,1779,Tokyo Kiraboshi Financial Group,Q18337457
1779,1780,Aareal Bank,Q301141
1780,1781,Sembcorp Industries,Q10901401
1781,1782,China Zhongwang Holdings,
1782,1783,PacWest Bancorp,Q17143144
1783,1784,Palo Alto Networks,Q7128508
1784,1785,NH Investment & Securities,Q12581611
1785,1786,SBA Communications,Q7388926
1786,1787,Hyatt Hotels,Q1425063
1787,1788,Tenneco,Q1509038
1788,1789,Core-Mark Holding,
1789,1790,Vodafone Idea,
1790,1791,MercadoLibre,Q950419
1791,1792,Adyen,Q4686934
1792,1793,Hanesbrands,Q5647768
1793,1794,Longi Green Energy Technology,
1794,1795,Barry Callebaut,Q809018
1795,1796,Axiata Group,Q792500
1796,1797,Banca Popolare di Sondrio,Q686176
1797,1798,Liberty Broadband,
1798,1799,Suzano Papel e Celulose,Q1030695
1799,1800,China Oriental Group,
1800,1801,Sinotrans Ltd.,
1801,1802,Berry Global Group,
1802,1803,President Chain Store,Q4642867
1803,1804,Juniper Networks,Q1049080
1804,1805,Canadian Utilities,Q5030657
1805,1806,CSPC Pharmaceutical Group,
1806,1807,Broadridge Financial,Q4972280
1807,1808,Chipotle Mexican Grill,Q465751
1808,1809,Navistar International,Q29739
1809,1810,Bank of Qingdao,Q17062759
1810,1811,China Railway Signal & Communication,Q20745675
1811,1812,Liberbank,Q2891018
1812,1813,Nuernberger Beteiligungs,
1813,1814,Sofina,Q1142890
1814,1815,Yes Bank,Q2040394
1815,1816,Muyuan Foodstuff,
1816,1817,Bank of Jiujiang,
1817,1818,China Development Bank Financial Leasing,Q43301935
1818,1819,United Utilities,Q503038
1819,1820,JTEKT,Q6109069
1820,1821,Keiyo Bank,Q11374734
1821,1822,Basler Kantonalbank,Q63844805
1822,1823,Japan Securities,Q11509107
1823,1824,Commercial International Bank,Q5152506
1824,1825,Alfa Laval,Q686030
1825,1826,China Merchants Expressway Network & Technology Holdings,
1826,1827,Hyakujushi Bank,Q11580692
1827,1828,Commerce Bank,Q5152412
1828,1829,Dali Foods Group,
1829,1830,Financial Street Holdings,
1830,1831,Hokkoku Bank,Q5878184
1831,1832,Asian Paints,Q4806720
1832,1833,Haidilao International Holding,
1833,1834,Old Republic International,Q7084833
1834,1835,Oshkosh,Q936741
1835,1836,Cemig,Q1121202
1836,1837,Credit Bank of Moscow,Q4304175
1837,1838,Fangda Carbon New Material,
1838,1839,Yamada Denki,Q1096390
1839,1840,"Hengyi Petrochemical Co., Ltd.",
1840,1841,Xinhu Zhongbao,
1841,1842,Jaccs,Q11309831
1842,1843,Zalando,Q136570
1843,1844,Informa plc,Q680946
1844,1845,Garrett Motion,
1845,1846,Medical Properties Trust,Q30693638
1846,1847,Nanya Technology,Q10906621
1847,1848,Sydney Airport,Q17581
1848,1849,Kiyo Bank,Q11605123
1849,1850,International Flavors & Fragrances,Q1666568
1850,1851,JB Financial Group,
1851,1852,Smurfit Kappa Group,Q1536176
1852,1853,Fraport,Q643578
1853,1854,Piramal Enterprises,Q7197697
1854,1855,Banque Centrale Populaire,Q2883441
1855,1856,FMC,Q60193455
1856,1857,Konica Minolta Business Solutions,Q58197230
1857,1858,Sonova Holding,Q689816
1858,1859,F.N.B.,Q25917465
1859,1860,Fibra Uno,
1860,1861,Lotte,Q2352826
1861,1862,Musashino Bank,Q11546449
1862,1863,Migdal Insurance,
1863,1864,Chimera Investment,
1864,1865,Sabesp,Q183184
1865,1866,Shanghai Ganglian E-Commerce Holdings,
1866,1867,EFG International,Q671877
1867,1868,Cleveland-cliffs,Q5133094
1868,1869,Saudi Arabian Fertilizers,
1869,1870,Splunk,Q1835753
1870,1871,Lendlease Group,Q185651
1871,1872,Murphy USA,Q19604459
1872,1873,Yageo Corporation,
1873,1874,Bureau Veritas,Q1974503
1874,1875,Saipem,Q2213203
1875,1876,"United Natural Foods,",
1876,1877,Luzerner Kantonalbank,Q1756878
1877,1878,AU Optronics,Q300120
1878,1879,Marks & Spencer,Q16876462
1879,1880,Dixons Carphone,Q16980420
1880,1881,Shoprite Holdings,Q1857639
1881,1882,Unisplendour,
1882,1883,Veeva Systems,Q24204493
1883,1884,Allahabad Bank,Q2018840
1884,1885,Credit Acceptance,Q15845093
1885,1886,BBVA Banco Continental,
1886,1887,Indian Bank,Q2003789
1887,1888,China Agri-Industries,Q1023973
1888,1889,Owens Corning,Q7114736
1889,1890,LiveRamp Holdings,
1890,1891,Royal Mail,Q638098
1891,1892,Cadence Design,Q608776
1892,1893,Makita,Q691508
1893,1894,Nanjing Iron & Steel,Q27888495
1894,1895,United Aircraft,Q7887331
1895,1896,Extra Space Storage,Q5422162
1896,1897,Ipsen,Q33123366
1897,1898,Zebra Technologies,Q2443609
1898,1899,H Lundbeck,
1899,1900,Andhra Bank,Q2003476
1900,1901,Bank of Queensland,Q4856173
1901,1902,Air Lease,Q4698062
1902,1903,Ronshine China Holdings,Q22084972
1903,1904,AmBank Group,Q4132947
1904,1905,Prysmian,Q1964784
1905,1906,VEON,Q36888460
1906,1907,San ju San Financial Group,Q43305272
1907,1908,Zhejiang Chint Electrics,Q5011165
1908,1909,Autoliv,Q787044
1909,1910,Sensata Technologies Holding,
1910,1911,CoStar Group,Q16988748
1911,1912,EasyJet,Q191551
1912,1913,Sears Holdings,Q966556
1913,1914,Western Alliance Bancorp.,
1914,1915,Meritz Securities,
1915,1916,Cimarex Energy,Q16829606
1916,1917,VICI Properties,Q54263910
1917,1918,FIBI Holdings,
1918,1919,Oriental Bank of Commerce,Q367008
1919,1920,BJ's Wholesale Club,Q4835754
1920,1921,Bank of Nagoya,Q11415284
1921,1922,Grupo De Inversiones Suramericana,
1922,1923,CPI Property Group.,
1923,1924,IBERIABANK,Q5968523
1924,1925,Sino Land,Q698504
1925,1926,China Petroleum Engineering,Q55607395
1926,1927,Nomura Research Institute,Q4922632
1927,1928,Nippon Paint,Q3661655
1928,1929,Thomas Cook Group,Q2141800
1929,1930,Tomony Holdings,Q11321498
1930,1931,Isetan Mitsukoshi Holdings,Q6079763
1931,1932,Toyota Boshoku,Q7830755
1932,1933,Want Want China,Q7968118
1933,1934,F5 Networks,Q3029296
1934,1935,Innolux,Q702895
1935,1936,Vipshop Holdings,
1936,1937,Keysight Technologies,Q17551096
1937,1938,iQIYI,Q15913890
1938,1939,Tongling Nonferrous Metals,Q7821114
1939,1940,Laurentian Bank,Q1360087
1940,1941,Ramsay Health Care,Q17054333
1941,1942,Hero Motocorp,Q1613763
1942,1943,Samsung Securities,Q16166252
1943,1944,SK Networks,Q18156239
1944,1945,Yuexiu Property Co.,
1945,1946,Synnex Technology Intl,
1946,1947,Li & Fung,Q347
1947,1948,Jointown Pharmaceutical Group,Q10878836
1948,1949,Kuwait Projects,
1949,1950,Land Securities Group,Q506160
1950,1951,Lyft,Q17077936
1951,1952,Corporation Bank,Q66768698
1952,1953,Sunny Optical Technology Group,
1953,1954,Delek Group,Q1184087
1954,1955,Sichuan Changhong Electric,
1955,1956,Wintrust Financial,Q23680018
1956,1957,Indian Overseas Bank,Q2003611
1957,1958,RusHydro,Q2035424
1958,1959,AAC Technologies Holdings,Q16926211
1959,1960,Associated Banc-Corp,Q4809155
1960,1961,Burberry Group,Q390107
1961,1962,Catcher Technology,
1962,1963,Zenith Bank,Q5978240
1963,1964,Grupo Carso,Q1396455
1964,1965,Marvell Technology Group,Q1347782
1965,1966,St. Galler Kantonalbank,Q2316809
1966,1967,Lundbergs,Q33121676
1967,1968,Sumec Corporation,
1968,1969,Berkeley Group Holdings,Q4892023
1969,1970,Inchcape,Q4116061
1970,1971,Asustek Computer,Q152864
1971,1972,Digital China Group,
1972,1973,ISS,Q25271
1973,1974,AVIC International Holdings,Q11152850
1974,1975,Goldcorp,Q1534795
1975,1976,Booz Allen Hamilton Holding,
1976,1977,Drilling Company of 1972,
1977,1978,Canadian Apartment Properties Real Estate Investment Trust,
1978,1979,Kesko,Q1739782
1979,1980,Securitas,Q662174
1980,1981,Bid,Q51081147
1981,1982,Lanxess,Q682992
1982,1983,Nippon Paper Industries,Q10834647
1983,1984,CBOE Global Markets,
1984,1985,Saras,Q316252
1985,1986,Daily Mail & General Trust,Q210534
1986,1987,"Mitsubishi Gas Chemical Company,",
1987,1988,Thanachart Capital,
1988,1989,Korea Zinc,Q16183878
1989,1990,Bank OZK,Q20708654
1990,1991,Grupa LOTOS,Q1256909
1991,1992,Snap,Q27022329
1992,1993,Taiwan Cement,Q10915565
1993,1994,TP ICAP,Q1637548
1994,1995,IDEX,Q13581039
1995,1996,Thai Oil,Q6676072
1996,1997,Bed Bath & Beyond,Q56352818
1997,1998,Incyte,Q6015591
1998,1999,Fuyo General Lease,Q11614592
1999,2000,JC Penney,
