,rank,name,q,country
0,1,ICBC,Q26463,People's Republic of China
1,2,JPMorgan Chase,Q192314,United States of America
2,3,China Construction Bank,Q26299,People's Republic of China
3,4,Agricultural Bank of China,Q26298,People's Republic of China
4,5,Bank of America,Q487907,United States of America
5,6,Apple,Q312,United States of America
6,7,Ping An Insurance Group,,
7,8,Bank of China,Q790068,People's Republic of China
8,9,Royal Dutch Shell,Q154950,Netherlands
9,10,Wells Fargo,Q744149,United States of America
10,11,ExxonMobil,Q156238,United States of America
11,12,AT&T,Q40,Austria
12,13,Samsung Electronics,Q20718,South Korea
13,14,Citigroup,Q219508,United States of America
14,15,Toyota Motor,Q53268,Japan
15,16,Microsoft,Q2283,United States of America
16,17,Alphabet,Q9779,
17,18,Volkswagen Group,Q156578,Germany
18,19,Chevron,Q319642,United States of America
19,20,Verizon Communications,Q467752,United States of America
20,21,HSBC Holdings,Q190464,United Kingdom
21,22,PetroChina,Q503182,People's Republic of China
22,23,Allianz,Q487292,Germany
23,24,BP,Q131755,
24,25,Total,Q154037,France
25,26,Berkshire Hathaway,Q217583,United States of America
26,27,China Mobile,Q741618,People's Republic of China
27,28,Amazon,Q3884,United States of America
28,29,Walmart,Q483551,United States of America
29,30,Santander,Q12233,Spain
30,31,China Merchants Bank,Q1073327,People's Republic of China
31,32,UnitedHealth Group,Q2103926,United States of America
32,33,Comcast,Q1113804,United States of America
33,34,BNP Paribas,Q499707,France
34,35,Sinopec,Q831445,People's Republic of China
35,36,Softbank,Q201653,Japan
36,37,Daimler,Q27530,Germany
37,38,Johnson & Johnson,Q1158485,
38,39,Bank of Communications,Q806680,People's Republic of China
39,40,Gazprom,Q102673,Russia
40,41,RBC,Q37187,
41,42,Nestlé,Q160746,Switzerland
42,43,Mitsubishi UFJ Financial,Q1542175,Japan
43,44,Intel,Q248,United States of America
44,45,Goldman Sachs Group,Q193326,United States of America
45,46,TD Bank Group,,
46,47,Sberbank,Q205012,Russia
47,48,Morgan Stanley,Q334204,United States of America
48,49,Boeing,Q66,United States of America
49,50,Petrobras,Q210047,Brazil
50,51,Nippon Telegraph & Tel,Q1054787,Japan
51,52,Rosneft,Q1141123,
52,53,Procter & Gamble,Q520045,
53,54,Pfizer,Q206921,United States of America
54,55,Industrial Bank,Q1410821,People's Republic of China
55,56,General Motors,Q81965,United States of America
56,57,BMW Group,Q28228065,
57,58,Itaú Unibanco Holding,Q1424293,Brazil
58,59,Alibaba,Q1359568,People's Republic of China
59,60,IBM,Q37156,United States of America
60,61,Novartis,Q507154,Switzerland
61,62,Postal Savings Bank Of China (PSBC),,
62,63,Facebook,Q355,United States of America
63,64,Siemens,Q81230,Germany
64,65,Shanghai Pudong Development,Q1479076,People's Republic of China
65,66,Japan Post Holdings,Q1372049,Japan
66,67,Sumitomo Mitsui Financial,Q2094989,Japan
67,68,Banco Bradesco,Q806181,Brazil
68,69,Anheuser-Busch InBev,Q128738,Belgium
69,70,Walt Disney,Q7414,United States of America
70,71,Reliance Industries,Q908931,India
71,72,CITIC,Q856322,People's Republic of China
72,73,Sony,Q41187,Japan
73,74,Cisco Systems,Q173395,United States of America
74,75,Tencent Holdings,Q860580,People's Republic of China
75,76,Honda Motor,Q9584,Japan
76,77,Enel,Q651222,Italy
77,78,United Technologies,Q1045758,United States of America
78,79,Commonwealth Bank,Q285328,Australia
79,80,China State Construction Engineering,Q1073519,People's Republic of China
80,81,DowDuPont,Q38589917,
81,82,Equinor,Q1776022,Norway
82,83,American Express,Q194360,United States of America
83,84,MetLife,Q607131,United States of America
84,85,AXA Group,Q160054,France
85,86,PepsiCo,Q334800,United States of America
86,87,Bank of Nova Scotia,Q451476,Canada
87,88,Roche Holding,Q55453942,Ireland
88,89,ING Group,Q645708,Netherlands
89,90,Lloyds Banking Group,Q1152764,United Kingdom
90,91,Eni,Q565594,Italy
91,92,Oracle,Q19900,United States of America
92,93,China Citic Bank,Q38960,People's Republic of China
93,94,China Evergrande Group,,
94,95,UBS,Q193199,Switzerland
95,96,AIRBUS,Q67,France
96,97,LukOil,Q329347,
97,98,Prudential Financial,Q2114414,United States of America
98,99,BASF,Q9401,Germany
99,100,SAIC Motor,Q910401,People's Republic of China
100,101,Westpac Banking Group,Q2031726,Australia
101,102,British American Tobacco,Q856411,United Kingdom
102,103,US Bancorp,Q47693,United States of America
103,104,Credit Agricole,Q221948,France
104,105,China Life Insurance,Q1073306,People's Republic of China
105,106,Unilever,Q157062,Germany
106,107,Glencore International,Q169339,Switzerland
107,108,Mitsubishi,Q183275,Japan
108,109,BHP Group,Q625713,Australia
109,110,Ford Motor,Q44294,United States of America
110,111,Rio Tinto,Q821293,United Kingdom
111,112,Prudential,Q1374135,United Kingdom
112,113,AIA Group,Q1152465,
113,114,China Minsheng Banking,Q911543,People's Republic of China
114,115,Sanofi,Q158205,France
115,116,Deutsche Telekom,Q9396,Germany
116,117,Zurich Insurance Group,Q230426,Switzerland
117,118,Brookfield Asset Management,Q908324,Canada
118,119,Merck & Co.,Q156959,Germany
119,120,ANZ,Q204296,New Zealand
120,121,Caterpillar,Q81825,
121,122,Saudi Basic Industries,Q903219,Saudi Arabia
122,123,Hon Hai Precision,Q463094,Taiwan
123,124,China Vanke,Q861340,People's Republic of China
124,125,Mizuho Financial,Q166621,Japan
125,126,CNOOC,Q795354,People's Republic of China
126,127,Home Depot,Q864407,United States of America
127,128,Taiwan Semiconductor,Q713418,Taiwan
128,129,Country Garden Holdings,Q5177291,People's Republic of China
129,130,Capital One Financial,Q1034654,United States of America
130,131,Intesa Sanpaolo,Q1343118,Italy
131,132,Nissan Motor,Q20165,Japan
132,133,Coca-Cola,Q3295867,United States of America
133,134,Bank of Montreal,Q806693,Canada
134,135,BBVA-Banco Bilbao Vizcaya,,
135,136,Walgreens Boots Alliance,Q18712620,United States of America
136,137,Chubb,Q2085922,
137,138,NAB - National Australia Bank,,
138,139,Vale,Q48948,United Kingdom
139,140,China Pacific Insurance,Q1003813,People's Republic of China
140,141,Anthem,Q541947,
141,142,Telefónica,Q160229,Spain
142,143,Christian Dior,Q159694,
143,144,Generali Group,Q670482,Italy
144,145,Iberdrola,Q1437502,Spain
145,146,PNC Financial Services,Q38928,United States of America
146,147,GlaxoSmithKline,Q212322,United Kingdom
147,148,Munich Re,Q166637,
148,149,Cigna,Q642271,United States of America
149,150,Medtronic,Q642189,Ireland
150,151,China Everbright Bank,Q10873167,People's Republic of China
151,152,China Shenhua Energy,Q1073509,People's Republic of China
152,153,Honeywell International,Q58221851,Czech Republic
153,154,Banco do Brasil,Q610817,Brazil
154,155,People's Insurance,Q1807264,People's Republic of China
155,156,UniCredit,Q45568,Italy
156,157,CK Hutchison,Q19548352,
157,158,Société Générale,Q270363,France
158,159,ConocoPhillips,Q214763,United States of America
159,160,United Parcel Service,Q155026,United States of America
160,161,VINCI,Q762,
161,162,Visa,Q328840,United States of America
162,163,Tokio Marine Holdings,Q1812086,Japan
163,164,Bayer,Q104761,Germany
164,165,PTT PCL,Q1810389,Thailand
165,166,Manulife,Q1652574,Japan
166,167,AbbVie,Q14662364,United States of America
167,168,China Telecom,Q24834296,
168,169,Phillips 66,Q1656230,United States of America
169,170,KDDI,Q971946,Japan
170,171,Fiat Chrysler Automobiles,Q15678788,Netherlands
171,172,Marathon Petroleum,Q458363,United States of America
172,173,Costco Wholesale,Q715583,United States of America
173,174,Enbridge,Q1339966,
174,175,Amgen,Q470517,United States of America
175,176,SAP,Q552581,Germany
176,177,Bank of New York Mellon,Q16246094,United States of America
177,178,Broadcom,Q555925,United States of America
178,179,SK Hynix,Q370719,South Korea
179,180,China Communications Construction,Q1073236,People's Republic of China
180,181,Lockheed Martin,Q7240,United States of America
181,182,Itochu,Q717093,Japan
182,183,Duke Energy,Q1264404,United States of America
183,184,FedEx,Q459477,United States of America
184,185,Royal Bank of Scotland,Q160126,United Kingdom
185,186,Orange,Q39338,
186,187,Barclays,Q245343,United Kingdom
187,188,Union Pacific,Q1930992,
188,189,América Móvil,Q482267,Mexico
189,190,Canadian Imperial Bank,Q666694,Canada
190,191,Credit Suisse Group,Q372657,Switzerland
191,192,Synchrony Financial,Q18387139,
192,193,NextEra Energy,Q967868,
193,194,Deere & Company,Q8354382,
194,195,ArcelorMittal,Q27893,Luxembourg
195,196,Mitsui,Q16877241,
196,197,Abbott Laboratories,Q306764,United States of America
197,198,China Railway Group,Q979615,People's Republic of China
198,199,Gilead Sciences,Q663596,United States of America
199,200,China Railway Construction,Q1073482,People's Republic of China
200,201,L'Oréal,Q156077,France
201,202,Exelon,Q1383669,United States of America
202,203,Delta Air Lines,Q188920,United States of America
203,204,Renault,Q6686,France
204,205,Charter Communications,Q2961234,United States of America
205,206,Micron Technology,Q1197548,United States of America
206,207,Qatar National Bank,Q1136759,Qatar
207,208,Deutsche Post,Q235003,
208,209,HDFC Bank,Q631047,
209,210,Altria Group,Q445007,United States of America
210,211,Valero Energy,Q1283291,United States of America
211,212,Philip Morris International,Q1852556,United States of America
212,213,DBS,Q618076,
213,214,BlackRock,Q219635,United States of America
214,215,Southern Company,Q2304693,United States of America
215,216,3M,Q159433,United States of America
216,217,Schlumberger,Q1425316,United States of America
217,218,Peugeot,Q6742,France
218,219,Linde,Q1593799,
219,220,Oil & Natural Gas,Q42962,
220,221,Dai-ichi Life Insurance,Q595475,Japan
221,222,Thermo Fisher Scientific,Q643674,United States of America
222,223,Aflac,Q26311,
223,224,Allstate,Q2645636,United States of America
224,225,Hyundai Motor,Q55931,South Korea
225,226,Travelers,Q22813352,
226,227,ENGIE,Q13416787,France
227,228,Mondelez International,Q12857502,United States of America
228,229,Suncor Energy,Q1516410,Canada
229,230,Hitachi,Q53238,Japan
230,231,Nordea Bank,Q1123823,Finland
231,232,Aviva,Q791179,United Kingdom
232,233,Target,Q1046951,United States of America
233,234,Lowe's,Q1373493,United States of America
234,235,General Dynamics,Q502940,United States of America
235,236,Repsol,Q174747,Spain
236,237,AstraZeneca,Q731938,United Kingdom
237,238,Eli Lilly,Q2984214,
238,239,Continental,Q174769,United States of America
239,240,Charles Schwab,Q1066028,
240,241,National Grid,Q1465461,United Kingdom
241,242,Progressive,Q350611,
242,243,Tesco,Q487494,United Kingdom
243,244,Danone,Q329426,Spain
244,245,Poly Developments & Holdings Group,Q577166,People's Republic of China
245,246,Volvo Group,Q163810,Sweden
246,247,HCA Healthcare,,
247,248,Accenture,Q338825,Ireland
248,249,Central Japan Railway,Q513679,Japan
249,250,East Japan Railway,Q499071,Japan
250,251,China Unicom,Q1068485,People's Republic of China
251,252,Schneider Electric,Q49053,France
252,253,Midea Group,Q2609533,People's Republic of China
253,254,KBC Group,Q29560723,Belgium
254,255,McDonald's,Q38076,United States of America
255,256,Denso,Q176508,Japan
256,257,JXTG Holdings,Q128577,Japan
257,258,Fresenius,Q29841530,
258,259,BB&T,Q244,Barbados
259,260,Gree Electric Appliances,Q1544535,People's Republic of China
260,261,Anglo American,Q541451,United Kingdom
261,262,Møller-Maersk,,
262,263,E.ON,Q3045727,United Kingdom
263,264,MS&AD Insurance,Q1494,United States of America
264,265,Huaxia Bank,Q1595443,People's Republic of China
265,266,Bristol-Myers Squibb,Q266423,United States of America
266,267,China Resources Land,Q5099887,People's Republic of China
267,268,Air Liquide,Q407448,France
268,269,EDF,Q274591,France
269,270,Baoshan Iron & Steel,Q12195289,
270,271,Danaher,Q21431228,
271,272,Legal & General Group,Q105210,
272,273,EXOR,Q498186,
273,274,Sun Life Financial,Q835456,Canada
274,275,BT Group,Q593786,United Kingdom
275,276,KB Financial Group,Q12581339,South Korea
276,277,Northrop Grumman,Q329953,United States of America
277,278,Seven & I Holdings,Q23350,
278,279,HP,Q1177,India
279,280,Nike,Q483915,United States of America
280,281,Shinhan Financial Group,Q491325,
281,282,ABB,Q52825,Switzerland
282,283,Diageo,Q161140,United Kingdom
283,284,Bank of Beijing,Q39146,People's Republic of China
284,285,CNP Assurances,Q1023930,
285,286,Japan Tobacco,Q898568,Japan
286,287,Oversea-Chinese Banking,Q2042423,
287,288,Indian Oil,Q1289348,India
288,289,Inditex,Q44504,
289,290,Dominion Resources,Q677464,
290,291,Sumitomo,Q2365236,
291,292,Occidental Petroleum,Q2013357,United States of America
292,293,Reckitt Benckiser Group,Q1190881,United Kingdom
293,294,CRRC,Q19840026,People's Republic of China
294,295,Cathay Financial,Q10926936,
295,296,Kroger,Q153417,United States of America
296,297,Baidu,Q14772,People's Republic of China
297,298,Panasonic,Q833266,
298,299,Johnson Controls International,Q52853530,Czech Republic
299,300,Ecopetrol,Q1282130,Colombia
300,301,Canon,Q1104153,
301,302,Royal Ahold Delhaize N.V.,,
302,303,Jardine Matheson,Q1683452,
303,304,Raytheon,Q156644,United States of America
304,305,Sunac China Holdings,Q13410248,People's Republic of China
305,306,United Continental Holdings,Q871700,United States of America
306,307,United Overseas Bank,Q2064074,
307,308,Nippon Steel,Q651282,Japan
308,309,LyondellBasell Industries,Q899255,Netherlands
309,310,Qualcomm,Q544847,United States of America
310,311,Safran,Q1886126,France
311,312,Carnival,Q4618,
312,313,SK Holdings,Q494136,South Korea
313,314,State Street,Q2037125,United States of America
314,315,Orix,Q906055,Japan
315,316,Celgene,Q842947,United States of America
316,317,American Electric,Q4743668,United States of America
317,318,PayPal,Q483959,United States of America
318,319,EOG Resources,Q1275577,
319,320,Greenland Holdings Group,,
320,321,LafargeHolcim,Q16466481,Switzerland
321,322,Henkel,Q1605280,
322,323,Posco,Q483946,South Korea
323,324,Natixis,Q571156,France
324,325,Mitsubishi Electric,Q53257,Japan
325,326,Bridgestone,Q179433,Japan
326,327,Archer Daniels Midland,Q632694,United States of America
327,328,Sun Hung Kai Properties,Q1789188,
328,329,Toshiba,Q49125,Japan
329,330,Surgutneftegas,Q680776,Russia
330,331,Poste Italiane,Q495026,Italy
331,332,HDFC,Q1563020,
332,333,First Abu Dhabi Bank,Q29124183,
333,334,Mastercard,Q489921,United States of America
334,335,Kinder Morgan,Q931032,
335,336,New China Life Insurance,Q11084240,People's Republic of China
336,337,DNB,Q27302,Germany
337,338,SunTrust Banks,Q181507,United States of America
338,339,Danske Bank,Q1636974,Denmark
339,340,Discover Financial Services,Q5281775,United States of America
340,341,BCE,Q46202,
341,342,Canadian Natural Resources,Q1032229,Canada
342,343,CaixaBank,Q847225,Spain
343,344,CSX,Q856783,United States of America
344,345,Longfor Group Holdings,,
345,346,TransCanada,Q7833607,
346,347,Bank Of Shanghai,Q4208351,People's Republic of China
347,348,Macquarie Group,Q1200904,Australia
348,349,Fubon Financial,Q4207171,
349,350,Marubeni,Q553927,Japan
350,351,Starbucks,Q37158,United States of America
351,352,Fannie Mae,Q621096,United States of America
352,353,Samsung Life Insurance,Q624080,
353,354,Tyson Foods,Q1325987,United States of America
354,355,Becton Dickinson,Q813780,United States of America
355,356,Automatic Data Processing,Q489080,
356,357,Humana,Q15121208,Mexico
357,358,Standard Chartered,Q548278,United Kingdom
358,359,Imperial Brands,Q1471161,United Kingdom
359,360,Richemont,Q22286,France
360,361,Eaton,Q5331334,
361,362,Kering,Q931207,France
362,363,Bank Rakyat Indonesia (BRI),,
363,364,Couche Tard,Q2998654,
364,365,Saudi Telecom,Q1535171,Saudi Arabia
365,366,Stryker,Q612829,
366,367,Freddie Mac,Q935969,United States of America
367,368,Daiwa House Industry,Q913825,Japan
368,369,Heineken,Q180855,Netherlands
369,370,Booking Holdings,Q18674747,
370,371,NN Group,Q1834291,
371,372,Ameriprise Financial,Q2843129,United States of America
372,373,American Airlines Group,Q4742937,United States of America
373,374,Tata Consultancy Services,Q13227919,India
374,375,Mitsui Fudosan,Q1812986,Japan
375,376,Novo Nordisk,Q818846,Denmark
376,377,Takeda Pharmaceutical,Q899133,Japan
377,378,Maybank,Q1364018,Malaysia
378,379,China Merchants Shekou Industrial Zone Holdings,Q30326165,People's Republic of China
379,380,Norfolk Southern,Q7051100,
380,381,Power Construction Corporation of China,Q10873928,People's Republic of China
381,382,Michelin Group,,
382,383,EssilorLuxottica,Q56853086,France
383,384,Etisalat,Q543449,United Arab Emirates
384,385,CRH,Q33357,Ukraine
385,386,Lincoln National,Q6550881,United States of America
386,387,Transneft,Q2116312,Russia
387,388,Canadian National Railway,Q624798,Canada
388,389,General Electric,Q54173,United States of America
389,390,Hyundai Mobis,Q497534,South Korea
390,391,Erste Group Bank,Q1310001,Austria
391,392,Swiss Life Holding,Q667350,
392,393,ASML Holding,Q297879,Netherlands
393,394,Komatsu,Q646898,Japan
394,395,Suzuki Motor,Q181642,Japan
395,396,TJX Cos,,
396,397,Power Corp of Canada,,
397,398,Southwest Airlines,Q503308,United States of America
398,399,Telstra,Q721162,Australia
399,400,ICICI Bank,Q1653258,India
400,401,Freeport-McMoRan,Q1453620,United States of America
401,402,Texas Instruments,Q193412,United States of America
402,403,Sompo,Q1001517,Poland
403,404,Principal Financial Group,Q3403513,United States of America
404,405,OMV Group,Q168238,Austria
405,406,Shin-Etsu Chemical,Q904284,Japan
406,407,Anhui Conch Cement,Q545565,People's Republic of China
407,408,Hartford Financial Services,Q444110,United States of America
408,409,SingTel,Q864923,Singapore
409,410,CVS Health,Q624375,United States of America
410,411,Marriott International,Q1141173,United States of America
411,412,AmerisourceBergen,Q470156,
412,413,Deutsche Lufthansa,Q9325,Germany
413,414,Tokyo Electric Power,Q333894,Japan
414,415,Standard Bank Group,Q1576610,South Africa
415,416,Fosun International,Q3079736,People's Republic of China
416,417,SEB AB,,
417,418,Naspers,Q1965898,South Africa
418,419,Kweichow Moutai,Q1518607,People's Republic of China
419,420,National Commercial Bank,Q1518238,
420,421,Bank Of Jiangsu,Q11135108,People's Republic of China
421,422,Biogen,Q864338,United States of America
422,423,Suning.com,Q17066824,People's Republic of China
423,424,Bouygues,Q895325,France
424,425,Wilmar International,Q1786712,
425,426,Xiaomi,Q1636958,People's Republic of China
426,427,Magna International,Q697311,Canada
427,428,International Airlines,Q8774,United Kingdom
428,429,Femsa,Q1435628,Mexico
429,430,Adidas,Q3895,Germany
430,431,Netflix,Q907311,United States of America
431,432,Philips,Q170416,Netherlands
432,433,Sumitomo Mitsui Trust,Q5215535,Japan
433,434,China Yangtze Power,Q752496,People's Republic of China
434,435,Applied Materials,Q621610,United States of America
435,436,Paccar,Q1477661,United States of America
436,437,Sysco,Q2376711,
437,438,Larsen & Toubro,Q13099004,
438,439,Emerson Electric,Q1335585,United States of America
439,440,Samsung C&T,Q20716,South Korea
440,441,International Paper,Q202972,United States of America
441,442,Halliburton,Q656165,United States of America
442,443,China Cinda Asset Management,Q15933437,
443,444,Daikin Industries,Q1157589,Japan
444,445,FirstRand,Q5453738,South Africa
445,446,Salesforce.com,Q941127,United States of America
446,447,KIA Motors,Q35349,South Korea
447,448,CK Asset Holdings,Q19985983,
448,449,Consolidated Edison,Q1127536,United States of America
449,450,Svenska Handelsbanken,Q1421630,Norway
450,451,Swire Pacific,Q11723118,
451,452,General Mills,Q629998,United States of America
452,453,CTBC Financial,Q5100188,
453,454,SK Innovation,Q16172809,
454,455,Pernod Ricard,Q837049,France
455,456,Citic Securities,Q737443,People's Republic of China
456,457,New World Development,Q752084,
457,458,Waste Management,Q180388,
458,459,Sempra Energy,Q7449804,United States of America
459,460,Aegon,Q291171,Netherlands
460,461,State Bank of India,Q1340361,India
461,462,American International Group,Q212235,United States of America
462,463,Toyota Industries,Q1476105,Japan
463,464,Vodafone,Q122141,United Kingdom
464,465,Sampo,Q180956,
465,466,Subaru,Q172741,Japan
466,467,IntercontinentalExchange,Q841458,United States of America
467,468,LG Chem,Q486976,
468,469,Fifth Third Bank,Q1411810,United States of America
469,470,Dell Technologies,Q27500963,United States of America
470,471,SK Telecom,Q493145,South Korea
471,472,VTB Bank,Q1549389,Russia
472,473,Banorte,Q806914,Mexico
473,474,Swiss Re,Q605565,Switzerland
474,475,Mitsubishi Chemical,Q3107966,Japan
475,476,Centene,Q2946305,
476,477,BAE Systems,Q739416,United Kingdom
477,478,Hana Financial Group,Q490601,
478,479,Fast Retailing,Q1397688,Japan
479,480,CNH Industrial,Q15238661,Netherlands
480,481,Bank Mandiri,Q806639,Indonesia
481,482,HeidelbergCement,Q632233,Germany
482,483,Hewlett Packard Enterprise,Q19923099,United States of America
483,484,Talanx,Q2389856,Germany
484,485,Cummins,Q173476,United States of America
485,486,Orsted,Q36859600,
486,487,WPP,Q7954421,
487,488,Marsh & McLennan,Q30198,
488,489,Grupo ACS,Q1550888,Spain
489,490,Xcel Energy,Q1486956,
490,491,Las Vegas Sands,Q1506045,United States of America
491,492,NTPC,Q23529645,
492,493,China Zheshang Bank,Q15924407,
493,494,Commerzbank,Q157617,Germany
494,495,Toyota Tsusho,Q716457,Japan
495,496,Lennar,Q19760064,
496,497,Swedbank,Q1145493,Sweden
497,498,Compass Group,Q782697,
498,499,Woolworths,Q607272,Australia
499,500,Novatek,Q251546,
500,501,National Bank of Canada,Q634298,Canada
501,502,LG Electronics,Q162345,South Korea
502,503,Thales,Q36303,
503,504,Public Service Enterprise Group,Q930919,United States of America
504,505,Adobe,Q11463,United States of America
505,506,China Taiping Insurance,Q4036130,
506,507,TE Connectivity,Q663452,Switzerland
507,508,Mitsubishi Estate,Q304962,Japan
508,509,Metallurgical Corp of China,,
509,510,Emirates NBD,Q5372575,United Arab Emirates
510,511,Kansai Electric Power,Q1365015,Japan
511,512,Ecolab,Q1282031,United States of America
512,513,DXC Technology,Q28782856,United States of America
513,514,M&T Bank,Q105,
514,515,Fujitsu,Q186394,Japan
515,516,Constellation Brands,Q1128160,
516,517,Wesfarmers,Q908144,Australia
517,518,CLP Holdings,Q977959,
518,519,Al Rajhi Bank,Q1761176,Saudi Arabia
519,520,Asahi Group Holdings,Q720479,Japan
520,521,Illinois Tool Works,Q1510378,United States of America
521,522,Fujifilm Holdings,Q11455891,
522,523,Saint-Gobain,Q325680,France
523,524,Cognizant,Q1107035,United States of America
524,525,Tatneft,Q1616858,Russia
525,526,DTE Energy,Q5206232,
526,527,KeyCorp,Q1740314,United States of America
527,528,Recruit Holdings,Q2135836,Japan
528,529,NVIDIA,Q182477,United States of America
529,530,Sasol,Q905998,South Africa
530,531,JFE Holdings,Q962591,Japan
531,532,Bank of Ningbo,Q4856166,People's Republic of China
532,533,eBay,Q58024,United States of America
533,534,Mitsubishi Heavy Industries,Q648280,Japan
534,535,Citizens Financial Group,Q5122694,United States of America
535,536,Weichai Power,Q3567081,People's Republic of China
536,537,Nucor,Q1645081,United States of America
537,538,Sherwin-Williams,Q48881,United States of America
538,539,Formosa Petrochemical,Q1437742,
539,540,Ally Financial,Q2032800,United States of America
540,541,Murata Manufacturing,Q613325,Japan
541,542,Northern Trust,Q970695,
542,543,American Tower,Q4745263,
543,544,China Fortune Land Development,Q20716530,
544,545,CME Group,Q1023876,United States of America
545,546,Samsung Fire & Marine,Q491500,
546,547,Deutsche Bank,Q66048,Germany
547,548,Kraft Heinz Company,Q19681433,United States of America
548,549,Qingdao Haier,,
549,550,Associated British Foods,Q117059,United Kingdom
550,551,MTR,Q14751,People's Republic of China
551,552,Tata Steel,Q963101,India
552,553,Bank Central Asia,Q806626,
553,554,Bank of Nanjing,,
554,555,Telenor,Q845632,Norway
555,556,Colgate-Palmolive,Q609466,United States of America
556,557,Boston Scientific,Q894585,United States of America
557,558,Kimberly-Clark,Q1741634,United States of America
558,559,China National Building,Q5099798,
559,560,CBS,Q43380,United States of America
560,561,Dollar General,Q145168,
561,562,DISH Network,Q1199757,United States of America
562,563,Keurig Dr Pepper,Q3116111,United States of America
563,564,Kubota,Q1514221,Japan
564,565,Rakuten,Q973054,Japan
565,566,Merck,Q156959,Germany
566,567,Rogers Communications,Q165684,Canada
567,568,PPL,Q14864745,
568,569,Aisin Seiki,Q409907,Japan
569,570,Aroundtown,Q32788516,Luxembourg
570,571,Aon,Q296007,
571,572,Sinopharm Group,Q7524930,People's Republic of China
572,573,Royal Caribbean Cruises,Q427881,United States of America
573,574,Norilsk Nickel,Q1284261,
574,575,Woori Financial Group,Q484117,
575,576,Kirin Holdings,Q13403399,Japan
576,577,NXP Semiconductors,Q1155668,Netherlands
577,578,Saudi Electricity,Q12188903,
578,579,Swisscom,Q644324,Switzerland
579,580,McKesson,Q37030845,
580,581,Nidec,Q3341241,Japan
581,582,Omnicom Group,Q1519267,United States of America
582,583,Coal India,Q124976,India
583,584,RELX,Q998470,United Kingdom
584,585,Ingersoll Rand,Q1663044,
585,586,FirstEnergy,Q1419248,
586,587,Anadarko Petroleum,Q483637,
587,588,Korea Electric Power,Q486737,South Korea
588,589,Regions Financial,Q917131,United States of America
589,590,Simon Property Group,Q2287759,
590,591,Corning,Q576395,United States of America
591,592,The Estée Lauder Companies,,
592,593,Henderson Land,Q1604969,Hong Kong
593,594,Grupo Mexico,Q623591,Mexico
594,595,Allergan,Q413486,
595,596,H&M - Hennes & Mauritz,Q129,
596,597,Loews,Q16872412,
597,598,VMware,Q11407,United States of America
598,599,Best Buy,Q533415,United States of America
599,600,First Data,Q906406,United States of America
600,601,Air Products & Chemicals,Q29002336,United Kingdom
601,602,Astellas Pharma,Q528842,Japan
602,603,Asahi Kasei,Q720489,Japan
603,604,Entergy,Q1344587,
604,605,Ageas,Q392338,
605,606,PPG,Q422582,
606,607,Shimao Property Holdings,Q7496840,
607,608,Sumitomo Electric,Q1814247,Japan
608,609,Formosa Chemicals,,
609,610,Atlantia,Q756243,Italy
610,611,Kotak Mahindra Bank,Q2040404,
611,612,Tenaga Nasional,Q1584297,Malaysia
612,613,JD.com,Q3598926,People's Republic of China
613,614,Wheelock,Q1822271,United States of America
614,615,Western Digital,Q738770,United States of America
615,616,Industrial Bank of Korea,Q483855,
616,617,Baxter International,Q761965,United States of America
617,618,Dongfeng Motor Group,Q11104175,People's Republic of China
618,619,Nintendo,Q8093,Japan
619,620,Aeon,Q271413,Japan
620,621,Coca-Cola European Partners,Q20811256,
621,622,Vonovia,Q1202053,Germany
622,623,Teck Resources,Q688725,Canada
623,624,Evonik,Q473513,Germany
624,625,TELUS,Q165858,Canada
625,626,RWE Group,,
626,627,Devon Energy,Q1206980,United States of America
627,628,Bharat Petroleum,Q854826,India
628,629,Eversource Energy,Q3344199,United States of America
629,630,Oneok,Q11074156,
630,631,TD Ameritrade Holding,,
631,632,Siam Commercial Bank,Q2038986,Thailand
632,633,Edp-energias De Portugal,,
633,634,Resona Holdings,Q1232514,Japan
634,635,Sumitomo Realty,Q4050347,Japan
635,636,Raiffeisen Bank International,Q2127528,Austria
636,637,Daqin Railway,Q5221832,People's Republic of China
637,638,Idemitsu Kosan,Q2216770,Japan
638,639,Unibail-Rodamco,Q608518,France
639,640,Parker-Hannifin,Q1470619,United States of America
640,641,BOE Technology Group,Q22234667,People's Republic of China
641,642,Nokia,Q1418,Finland
642,643,Infosys,Q26989,India
643,644,Public Bank,Q251927,
644,645,Kao,Q713706,
645,646,Mapfre,Q544532,
646,647,Geely Automobile Holdings,Q55118127,People's Republic of China
647,648,Siam Cement,Q1680777,
648,649,Nan Ya Plastics,,
649,650,PKN Orlen,Q971649,Poland
650,651,Naturgy Energy Group,Q474690,Spain
651,652,Kellogg,Q990875,United States of America
652,653,WEC Energy Group,Q8027166,
653,654,CNPC Capital,,
654,655,Kyocera,Q745099,Japan
655,656,Telia,Q3347125,
656,657,Eletrobrás,Q1328252,Brazil
657,658,Guangzhou Automobile Group,Q1552770,People's Republic of China
658,659,CIMB Group Holdings,Q3045976,Malaysia
659,660,Prologis,Q16983765,
660,661,Absa Group,Q331688,South Africa
661,662,Sodexo,Q1475554,France
662,663,Isbank,Q2607251,Germany
663,664,Carrefour,Q217599,
664,665,Republic Services,Q7314415,
665,666,Publicis Groupe,Q1537378,France
666,667,Porsche Automobil Holding,Q2104551,Germany
667,668,D.R. Horton,,
668,669,Kasikornbank,Q276557,Thailand
669,670,Capgemini,Q1034621,France
670,671,Ross Stores,Q3442791,United States of America
671,672,Deutsche Boerse,Q157852,Germany
672,673,Grupo Aval,Q2053387,
673,674,Husky Energy,Q702049,Canada
674,675,CGN Power,Q18699320,
675,676,West Japan Railway,Q502125,Japan
676,677,Legend Holding,Q6517739,People's Republic of China
677,678,Nutrien,Q48742870,Canada
678,679,Activision Blizzard,Q344341,United States of America
679,680,Toray Industries,Q168115,Japan
680,681,Chubu Electric Power,Q1091203,Japan
681,682,China Tower Corp.,,
682,683,Analog Devices,Q484930,United States of America
683,684,Grupa PZU,Q1807170,Poland
684,685,Viacom,Q214346,United States of America
685,686,Fidelity National Information,Q1411295,
686,687,Sekisui House,Q1539141,Japan
687,688,Akzo Nobel,Q50912,Netherlands
688,689,Huntington Bank,Q798819,United States of America
689,690,WH Group,Q17499655,
690,691,Molson Coors Brewing,Q3319685,
691,692,Haitong Securities,Q5639783,
692,693,AES,Q190746,
693,694,Tesla,Q9036,
694,695,Falabella,Q613922,
695,696,Fox,Q166419,United States of America
696,697,Veolia Environnement,Q1632461,France
697,698,Link REIT,Q837533,People's Republic of China
698,699,Lenovo Group,Q14799,United States of America
699,700,Atlas Copco,Q757164,Sweden
700,701,Suncorp Group,Q2366028,
701,702,All Nippon Airways,Q204284,Japan
702,703,T&D Holdings,Q127,
703,704,Lam Research,Q1342041,United States of America
704,705,Pioneer Natural Resources,Q4046987,United States of America
705,706,Vivendi,Q1127887,France
706,707,VF,Q848662,
707,708,Solvay,Q706184,Belgium
708,709,UPM-Kymmene,Q1890664,Finland
709,710,Uniper,Q19839259,Germany
710,711,National Bank of Kuwait,Q4045072,
711,712,Samba Financial Group,Q7408955,
712,713,China Southern Airlines,Q291090,People's Republic of China
713,714,Nomura,Q21449594,
714,715,Reinsurance Group of America,Q1793182,
715,716,Eiffage,Q1302944,France
716,717,Cardinal Health,Q902397,United States of America
717,718,Crown Castle International,Q5189320,United States of America
718,719,Ericsson,Q52618,Sweden
719,720,Sumitomo Chemical,Q137803,Japan
720,721,Tokyo Electron,Q1351484,Japan
721,722,Willis Towers Watson,Q21189883,United States of America
722,723,CBRE Group,Q1023013,
723,724,Essity Ab,Q30938280,Sweden
724,725,Sandvik,Q27888829,
725,726,CSL,Q209318,People's Republic of China
726,727,Credicorp,Q126559,
727,728,Riyad Bank,Q3433985,Saudi Arabia
728,729,London Stock Exchange,Q171240,United Kingdom
729,730,Guotai Junan Securities,Q5619679,
730,731,DSM,Q201561,
731,732,Bancolombia,Q806206,
732,733,Rolls-Royce Holdings,Q243278,United Kingdom
733,734,Hong Kong Exchanges,Q751361,People's Republic of China
734,735,Otsuka Holding,Q5216177,Japan
735,736,Stanley Black & Decker,Q3129963,
736,737,BYD,Q2608329,People's Republic of China
737,738,WestRock,Q21016487,United States of America
738,739,CarMax,Q5037190,United States of America
739,740,Aptiv,Q643626,United Kingdom
740,741,Axis Bank,Q2003549,India
741,742,CenturyLink,Q5063092,United States of America
742,743,Fortive,Q27919383,United States of America
743,744,George Weston,Q5546186,
744,745,Koç Holding,Q1306571,Turkey
745,746,Huaneng Power International,Q1507642,People's Republic of China
746,747,Isuzu Motors,Q29803,Japan
747,748,Telkom Indonesia,Q2305438,Indonesia
748,749,China Energy Engineering,Q20724247,
749,750,Unipol Gruppo,Q1503818,Italy
750,751,Teva Pharmaceutical,Q898750,Israel
751,752,Keyence,Q1475699,Japan
752,753,Neste,Q616376,Finland
753,754,Shanghai International Port,Q750131,People's Republic of China
754,755,Nedbank,Q2751701,
755,756,Bangkok Bank,Q806483,Thailand
756,757,China Reinsurance Group,,
757,758,Formosa Plastics,Q4391877,Taiwan
758,759,Telecom Italia,Q144617,Italy
759,760,Concho Resources,Q22073190,
760,761,Covestro,Q812142,Germany
761,762,Guangzhou R&F,Q1192340,People's Republic of China
762,763,LG,Q162345,South Korea
763,764,Liberty Global,Q571779,United Kingdom
764,765,Raymond James Financial,Q7298901,
765,766,Fairfax Financial,Q1393210,
766,767,ROSSETI,Q186748,
767,768,China Eastern Airlines,Q291796,People's Republic of China
768,769,Tata Motors,Q188514,India
769,770,AIB Group,Q1642179,Ireland
770,771,Fortis (Canada),,
771,772,Woodside Petroleum,Q1812208,Australia
772,773,China Steel,Q712863,Taiwan
773,774,First Republic Bank,Q5453752,United States of America
774,775,ATOS,Q757688,
775,776,Japan Airlines,Q213140,Japan
776,777,Garanti Bank,Q322962,Turkey
777,778,Edison International,Q662095,United States of America
778,779,Galp Energia,Q1492739,Portugal
779,780,Infineon Technologies,Q311394,Germany
780,781,Athene Holding,,
781,782,Old Mutual,Q289704,United Kingdom
782,783,AutoZone,Q4826087,
783,784,Abu Dhabi Commercial Bank,Q4670123,United Arab Emirates
784,785,Yanzhou Coal Mining,Q850451,People's Republic of China
785,786,Macy's,Q629269,United States of America
786,787,NetEase,Q196259,People's Republic of China
787,788,Hermès International,Q843887,
788,789,Fanuc,Q212116,Japan
789,790,Regeneron Pharmaceuticals,Q7308054,United States of America
790,791,Novolipetsk Steel,Q1768082,Russia
791,792,Hanwha,Q489202,
792,793,Dentsu,Q1189945,Japan
793,794,Carlsberg,Q113215,Denmark
794,795,Textron,Q2140315,United States of America
795,796,Bank of Jinzhou,Q21693120,People's Republic of China
796,797,SSE,Q739514,People's Republic of China
797,798,Huatai Securities,,
798,799,Lotte Chemical,Q12594201,
799,800,Hikvision,Q5760704,People's Republic of China
800,801,QBE Insurance Group,,
801,802,Shaanxi Coal Industry,Q7459934,People's Republic of China
802,803,Shanghai Electric Group,,
803,804,Saudi British Bank,,
804,805,O'Reilly Automotive,,
805,806,ITC,Q1504199,United States of America
806,807,Chunghwa Telecom,Q717531,Taiwan
807,808,Shenzhen Overseas,Q27866051,People's Republic of China
808,809,EnBW-Energie Baden,Q644304,Germany
809,810,Comerica,Q1114148,United States of America
810,811,Inner Mongolia Yili,Q1231406,People's Republic of China
811,812,Genuine Parts,Q5533818,United States of America
812,813,PKO Bank Polski,Q578832,Poland
813,814,PG&E,Q691,Papua New Guinea
814,815,Discovery,Q43404,Germany
815,816,Ferguson,Q2694490,
816,817,Huishang Bank,Q11071935,
817,818,Sanlam,Q847484,
818,819,Williams,Q49166,United States of America
819,820,Deutsche Wohnen,Q1204510,Germany
820,821,S&P Global,Q131,
821,822,Wanhua Chemical Group,Q2599552,
822,823,Fortum,Q808845,
823,824,Mega Financial Holding,Q1791912,
824,825,JBS,Q1676554,
825,826,China Coal Energy,Q1073240,People's Republic of China
826,827,Emaar Properties,Q1153463,United Arab Emirates
827,828,Canadian Pacific Railway,Q46974,Canada
828,829,Evraz Group,Q1382653,United Kingdom
829,830,Mitsubishi Motors,Q36033,Japan
830,831,Wuliangye Yibin,Q3570160,People's Republic of China
831,832,Intuit,Q1318848,United States of America
832,833,LabCorp,Q6466630,United States of America
833,834,PTT Global Chemical,Q16306121,Thailand
834,835,Bank Negara Indonesia,Q2882611,Indonesia
835,836,Galaxy Entertainment,Q57315685,Canada
836,837,Gemdale,Q16512362,People's Republic of China
837,838,E-Trade Financial,Q2607502,United States of America
838,839,Kuehne & Nagel International,Q19799639,
839,840,Kone,Q1146592,Finland
840,841,Ryanair Holdings,Q170614,Ireland
841,842,Great Wall Motor,Q1117001,People's Republic of China
842,843,MGM Resorts,Q568532,United States of America
843,844,Tokyo Gas,Q1813910,Japan
844,845,YPF,Q2598689,
845,846,Daiwa Securities,Q11433563,
846,847,ThyssenKrupp Group,,
847,848,Vestas Wind Systems,Q868259,Denmark
848,849,Sabanci Holding,Q902109,Turkey
849,850,Mazda Motor,Q35996,Japan
850,851,DP World,Q1154956,
851,852,Bharti Airtel,Q854867,India
852,853,Valeo,Q1305281,France
853,854,Ameren,Q462984,United States of America
854,855,Secom,Q858957,Japan
855,856,Brighthouse Financial,Q39052929,
856,857,Hilton,Q1158419,
857,858,Wipro,Q1364176,India
858,859,Itaúsa,Q1579151,Brazil
859,860,China Huarong Asset Management,Q21584822,
860,861,Amphenol,Q474621,United States of America
861,862,Daiichi Sankyo,Q669441,Japan
862,863,JSW Steel,Q6108978,India
863,864,Schindler Holding,Q2236141,
864,865,Power Grid of India,,
865,866,Scentre Group,Q18378048,Australia
866,867,Seagate Technology,Q705392,United States of America
867,868,OTP Bank,Q912778,
868,869,Aena,Q291464,Spain
869,870,Akbank,Q416624,Turkey
870,871,SVB Financial Group,,
871,872,Unum,Q143435,United States of America
872,873,Towngas,Q7830116,
873,874,Kuwait Finance House,Q2336459,
874,875,Future Land Development Holdings,,
875,876,Hindalco Industries,Q1619261,India
876,877,China Resources Pharmaceutical Group,,
877,878,Eastman Chemical,Q899022,United States of America
878,879,HCL Technologies,Q5629103,India
879,880,Conagra Brands,Q1123399,
880,881,CP All,Q5013767,Thailand
881,882,Stora Enso,Q747265,
882,883,Bank Leumi,Q806641,Israel
883,884,Lear,Q309759,
884,885,Kohl's,Q967265,United States of America
885,886,MOL Hungarian Oil,,
886,887,Xiamen C&D,Q10911437,People's Republic of China
887,888,S.F. Holding,,
888,889,Zijin Mining Group,,
889,890,CapitaLand,Q3272868,
890,891,Steinhoff International,Q2340904,South Africa
891,892,Inpex,Q1654229,Japan
892,893,China National Nuclear Power,,
893,894,GF Securities,,
894,895,Zoetis,Q8073337,United States of America
895,896,Halkbank,Q16562645,Turkey
896,897,Pembina Pipeline,Q7161915,
897,898,ASE Technology Holding,,
898,899,Taisei,Q26203362,
899,900,TDK,Q163872,
900,901,Shenwan Hongyuan Group,Q15914712,People's Republic of China
901,902,Weyerhaeuser,Q2663173,United States of America
902,903,Kajima,Q27169064,
903,904,Banque Saudi Fransi,Q7181252,
904,905,Cheniere Energy,Q27926500,
905,906,STMicroelectronics,Q661845,France
906,907,L3Harris Technologies,Q65053147,
907,908,VakifBank,Q1148521,Turkey
908,909,Randstad Holding,Q267840,Kingdom of the Netherlands
909,910,South32,Q20648697,Australia
910,911,United Rentals,Q7889101,
911,912,Braskem,Q899395,Brazil
912,913,Mediobanca,Q749034,Italy
913,914,Arrow Electronics,Q2059537,
914,915,Marathon Oil,Q1577587,United States of America
915,916,Obayashi,Q10935770,
916,917,RiseSun Real Estate Development,,
917,918,Hormel Foods,Q1454852,United States of America
918,919,Alliance Data Systems,,
919,920,Franklin Resources,,
920,921,China Hongqiao Group,,
921,922,Hershey,Q868666,United States of America
922,923,CMS Energy,Q5013012,
923,924,Aluminum Corp of China,,
924,925,Severstal,Q638448,Russia
925,926,Dubai Islamic Bank,Q5310570,United Arab Emirates
926,927,BAIC Motor,Q33111848,
927,928,Julius Baer Group,Q671901,Switzerland
928,929,Roper Technologies,Q16932392,United States of America
929,930,Swatch Group,Q694107,Switzerland
930,931,Snam,Q583247,Italy
931,932,Norsk Hydro,Q511031,Norway
932,933,AntarChile,Q571092,Chile
933,934,Suntory Beverage & Food,Q17210124,
934,935,Fortescue Metals Group,Q1438957,Australia
935,936,MTN Group,Q1813361,South Africa
936,937,TCL,Q5288,
937,938,China Merchants Securities,,
938,939,Quanta Computer,Q696743,Taiwan
939,940,KT,Q128822,
940,941,Shanghai Pharmaceuticals,Q10867753,People's Republic of China
941,942,Scor,Q920000,France
942,943,Bankia,Q806807,Spain
943,944,Dollar Tree,Q5289230,United States of America
944,945,Origin Energy,Q847931,Australia
945,946,Shengjing Bank,Q1049624,People's Republic of China
946,947,Ball,Q18545,
947,948,China Gezhouba,Q5555081,People's Republic of China
948,949,Yum! Brands,Q668737,United States of America
949,950,Air France-KLM,Q407237,France
950,951,Amadeus IT Group,Q696061,
951,952,AGC,Q720484,Japan
952,953,Arch Capital Group,Q28155430,
953,954,CDW,Q561078,
954,955,Tenaris,Q642106,Argentina
955,956,Bank of Ireland,Q806689,Ireland
956,957,Logan Property Holdings,Q18669563,
957,958,Arconic,Q25104597,
958,959,Bank Hapoalim,Q2666775,Israel
959,960,Beiersdorf,Q502568,Germany
960,961,IQVIA,Q305473,United States of America
961,962,Vertex Pharmaceuticals,Q2744099,United States of America
962,963,Alstom,Q309084,France
963,964,AvalonBay Communities,Q4827537,United States of America
964,965,CEZ Group,Q336735,Czech Republic
965,966,Fiserv,Q1420513,United States of America
966,967,Bâloise Group,Q457912,Switzerland
967,968,China Grand Automotive Services,,
968,969,Mylan,Q899010,United States of America
969,970,Bank of East Asia,Q806679,People's Republic of China
970,971,Qurate Retail Group,,
971,972,Krung Thai Bank,Q962865,Thailand
972,973,Mahindra & Mahindra,Q60461120,India
973,974,CGI Group,Q1798370,
974,975,Cemex,Q1053348,Mexico
975,976,Altice USA,Q644289,United States of America
976,977,Cosco Shipping,Q641021,People's Republic of China
977,978,Sharp,Q53227,Japan
978,979,WW Grainger,,
979,980,Leonardo,Q762,
980,981,Gap,Q175081,France
981,982,American Financial Group,Q4743779,United States of America
982,983,Uni-President,Q7884615,Taiwan
983,984,Korea Gas,Q491489,South Korea
984,985,Cenovus Energy,Q1053422,Canada
985,986,CenterPoint Energy,Q1053560,
986,987,Motorola Solutions,Q634815,United States of America
987,988,SMC,Q49984,
988,989,Meituan Dianping,Q15907772,
989,990,T Rowe Price,,
990,991,Agile Group Holdings,,
991,992,TUI,Q824122,Spain
992,993,Expedia Group,Q8085893,
993,994,Public Storage,Q1156045,United States of America
994,995,Guangzhou Rural Commercial Bank,Q11062006,
995,996,Zions Bancorp,Q205378,
996,997,Shiseido,Q728185,Japan
997,998,C.H. Robinson,Q931200,
998,999,WR Berkley,,
999,1000,Samsung SDI,Q21120876,
1000,1001,ZTE,Q144952,Hungary
1001,1002,Voya Financial,Q5972276,
1002,1003,Arab National Bank,Q4783214,
1003,1004,Centrica,Q259013,United Kingdom
1004,1005,Financiere de l'Odet,Q444172,France
1005,1006,Wens Foodstuff Group,,
1006,1007,Electronic Arts,Q173941,United States of America
1007,1008,Bank Of Hangzhou,,
1008,1009,GS Holdings,Q12581123,
1009,1010,Pgnig Group,,
1010,1011,HollyFrontier,Q5881864,United States of America
1011,1012,DSV,Q1205300,Germany
1012,1013,Intuitive Surgical,Q2743863,United States of America
1013,1014,Legrand,Q16872020,
1014,1015,Inner Mongolia Baotou Steel,Q373291,People's Republic of China
1015,1016,En+ Group Plc Sponsored GDR RegS,,
1016,1017,Sany Heavy Industry,,
1017,1018,BDO Unibank,Q4854129,
1018,1019,China Gas Holdings,,
1019,1020,Aeroports de Paris,Q794563,France
1020,1021,Diamondback Energy,Q65091423,
1021,1022,Asr Nederland,Q297996,
1022,1023,NEC,Q219203,Japan
1023,1024,Db Insurance,Q5295830,
1024,1025,JM Smucker,,
1025,1026,Schaeffler,Q37509721,
1026,1027,Zimmer Biomet,Q203552,United States of America
1027,1028,China Jinmao,Q5492439,People's Republic of China
1028,1029,Hengli Petrochemical,,
1029,1030,ALFA,Q9659,
1030,1031,Shanghai Construction,Q15528181,People's Republic of China
1031,1032,Qatar Islamic Bank,Q18346281,Qatar
1032,1033,CJ Cheiljedang,Q6451272,South Korea
1033,1034,Turkish Airlines,Q4548,Turkey
1034,1035,Thomson Reuters,Q1141267,Canada
1035,1036,Investor AB,Q1671804,
1036,1037,Adecco,Q28134236,
1037,1038,Rockwell Automation,Q1529234,United States of America
1038,1039,Moody's,Q675585,United States of America
1039,1040,Datang International Power,Q287744,People's Republic of China
1040,1041,Accor,Q212599,France
1041,1042,IndusInd Bank,Q2040323,
1042,1043,Intact Financial,Q3152974,
1043,1044,J Sainsbury,Q18043414,
1044,1045,Thai Beverage,Q15304350,Thailand
1045,1046,Yamaha Motor,Q158888,Japan
1046,1047,Cintas,Q1092571,
1047,1048,Beijing Enterprises,Q836569,People's Republic of China
1048,1049,Gallagher,Q1492185,
1049,1050,Continental Resources,Q5165314,United States of America
1050,1051,Daito Trust Construction,Q11436136,
1051,1052,China Shipbuilding Industry,Q1073506,People's Republic of China
1052,1053,Shin Kong Financial,,
1053,1054,BBMG,Q4415024,People's Republic of China
1054,1055,MediaTek,Q699848,Taiwan
1055,1056,Onex,Q68240,Switzerland
1056,1057,Tokyu,Q58415879,
1057,1058,WellCare Health Plans,Q7981065,
1058,1059,Mitsubishi UFJ Lease,Q11357003,
1059,1060,Celanese,Q547450,
1060,1061,Hesteel,Q675867,People's Republic of China
1061,1062,Interactive Brokers Group,Q3901581,United States of America
1062,1063,Sumitomo Metal Mining,Q1685648,Japan
1063,1064,Japan Exchange Group,Q11507487,Japan
1064,1065,Mohawk Industries,Q6893780,
1065,1066,Sojitz,Q586260,Japan
1066,1067,Investec,Q1671741,United Kingdom
1067,1068,NetApp,Q704548,Germany
1068,1069,Yum China Holdings,Q30645592,United States of America
1069,1070,Melrose Industries Plc,Q3305280,United Kingdom
1070,1071,Universal Health,Q45219779,
1071,1072,Gecina,Q1497417,France
1072,1073,Restaurant Brands International,Q18619470,Canada
1073,1074,Dexia,Q4119443,
1074,1075,Norwegian Cruise Line Holdings,Q60767471,
1075,1076,Sika,Q361332,
1076,1077,Zhejiang Zheneng Electric Power,,
1077,1078,Singapore Airlines,Q32245,Singapore
1078,1079,Technipfmc,Q30324333,United Kingdom
1079,1080,BCI-Banco Credito,,
1080,1081,SDIC Power Holdings,,
1081,1082,Dassault Aviation,Q460487,France
1082,1083,First Financial Holding,,
1083,1084,Barrick Gold,Q808908,Canada
1084,1085,Shimizu,Q16883193,
1085,1086,Vistra Energy,,
1086,1087,Invesco,Q522617,United States of America
1087,1088,Mosaic,Q133067,
1088,1089,Oi,Q384981,Japan
1089,1090,Jiangsu Yanghe Brewery,,
1090,1091,Klepierre,Q3197950,France
1091,1092,SM Investments,Q7391498,
1092,1093,Harris,Q10859343,
1093,1094,Agilent Technologies,Q393762,United States of America
1094,1095,Altice Europe,Q15944611,Netherlands
1095,1096,Joint Stock Commercial Bank for Foreign Trade of Vietnam,,
1096,1097,Kyushu Electric Power,Q694507,Japan
1097,1098,Markel,Q5999558,
1098,1099,Welltower,,
1099,1100,Twitter,Q918,United States of America
1100,1101,Kerry Group,Q253967,Ireland
1101,1102,Angang Steel,Q2227422,People's Republic of China
1102,1103,Hoya,Q157749,
1103,1104,Illumina,Q2068984,United States of America
1104,1105,Mondi,Q779252,United Kingdom
1105,1106,Steel Dynamics,Q7605667,
1106,1107,Bajaj Finserv,Q18636352,
1107,1108,Boston Properties,Q4844439,
1108,1109,Insurance Australia Group,Q1665336,
1109,1110,American Water Works,Q15751975,United States of America
1110,1111,Goodyear,Q79457,United States of America
1111,1112,Banco de Sabadell,Q762330,Spain
1112,1113,Knorr-Bremse,Q256290,Germany
1113,1114,Annaly Capital Management,Q16828730,
1114,1115,Helvetia Holding,,
1115,1116,LG Display,Q483006,South Korea
1116,1117,Harbin Bank,Q1049674,
1117,1118,Alinma Bank,Q4120111,Saudi Arabia
1118,1119,Grupo Inbursa,,
1119,1120,AGL Energy,Q292374,
1120,1121,E.Sun Financial,,
1121,1122,Paychex,Q946080,
1122,1123,AerCap Holdings,,
1123,1124,Rongsheng Petrochemical,Q55454117,People's Republic of China
1124,1125,Bunge,Q65899,
1125,1126,Meiji Holdings,Q11512295,
1126,1127,Bankinter,Q806808,Spain
1127,1128,Westlake Chemical,Q17326957,
1128,1129,Grifols,Q901262,Spain
1129,1130,KLA-Tencor,Q624649,United States of America
1130,1131,Monster Beverage,Q1945295,United States of America
1131,1132,Darden Restaurants,Q742196,United States of America
1132,1133,Ferrovial,Q1408037,Spain
1133,1134,Encana,Q688687,Canada
1134,1135,Taiwan Cooperative Financial,,
1135,1136,Industries Qatar,Q12220267,Qatar
1136,1137,Clorox,Q910368,United States of America
1137,1138,Lonza Group,Q674216,Switzerland
1138,1139,Hankyu Hanshin Holdings,Q841220,Japan
1139,1140,Ternium,Q918208,Argentina
1140,1141,Tohoku Electric Power,Q592765,Japan
1141,1142,BorgWarner,Q825943,United States of America
1142,1143,Attijariwafa Bank,Q758052,Morocco
1143,1144,Ulta Beauty,Q7880076,
1144,1145,CIFI Holdings Group,,
1145,1146,Samsung SDS,Q7410538,South Korea
1146,1147,Molina Healthcare,Q6896175,
1147,1148,Saudi Arabian Mining,,
1148,1149,Interpublic Group,Q1501630,United States of America
1149,1150,Skanska,Q1537811,Sweden
1150,1151,Amcor,Q460307,
1151,1152,Guosen Securities,Q5619672,People's Republic of China
1152,1153,SGS,Q213434,Lithuania
1153,1154,Tokyo Century,,
1154,1155,Evergy,Q7987107,
1155,1156,PVH,Q1132272,
1156,1157,Host Hotels & Resorts,Q1630559,United States of America
1157,1158,Saputo,Q37504167,
1158,1159,Whirlpool,Q607538,
1159,1160,TransDigm Group,Q7833612,
1160,1161,Kobe Steel,Q1730802,Japan
1161,1162,Voestalpine,Q689750,Austria
1162,1163,Aramark,Q625708,United States of America
1163,1164,China Galaxy Securities,Q15952752,People's Republic of China
1164,1165,China International Marine,Q1073291,People's Republic of China
1165,1166,CJ Corporation,Q16165708,
1166,1167,Jeronimo Martins,Q1688026,Portugal
1167,1168,Terna,Q936325,Italy
1168,1169,PulteGroup,Q7259716,United States of America
1169,1170,China Development Financial,Q10876574,
1170,1171,China Resources Power,Q748693,
1171,1172,Bank Pekao,Q806642,
1172,1173,Covivio,Q741445,France
1173,1174,Oriental Land,Q868679,Japan
1174,1175,Xilinx,Q1046482,
1175,1176,Schroders,Q1142797,United Kingdom
1176,1177,Wynn Resorts,Q2274089,United States of America
1177,1178,Bank of Tianjin,Q10940359,
1178,1179,GD Power Development,Q1485050,People's Republic of China
1179,1180,Equinix,Q851641,United States of America
1180,1181,UBI Banca,Q3633701,Italy
1181,1182,Cosmo Energy Holdings,Q22122895,Japan
1182,1183,UCB,Q736674,United States of America
1183,1184,3i Group,Q229764,United Kingdom
1184,1185,Yara International,Q901886,Norway
1185,1186,GAIL India,,
1186,1187,Givaudan,Q596811,
1187,1188,Hyundai Steel,Q6502960,South Korea
1188,1189,Inter Rao,Q1963801,Russia
1189,1190,Ferrari,Q27586,Italy
1190,1191,Industrial Alliance Insurance,,
1191,1192,Vienna Insurance Group,Q694257,Austria
1192,1193,Petronas Chemicals,,
1193,1194,Terumo,Q3518961,Japan
1194,1195,Newmont Mining,Q1785405,
1195,1196,Masco,Q6782872,United States of America
1196,1197,Ricoh,Q178778,Japan
1197,1198,Top Frontier Investment Holdings,Q48804700,
1198,1199,Punjab National Bank,Q2743499,India
1199,1200,Edwards Lifesciences,Q16966841,United States of America
1200,1201,Pegatron,Q4046573,Taiwan
1201,1202,Indorama Ventures,Q6026518,Thailand
1202,1203,Bank Of Guiyang,,
1203,1204,S-Oil,Q185564,
1204,1205,Arkema,Q673327,France
1205,1206,Airports of Thailand,Q409075,Thailand
1206,1207,NRG Energy,Q6955139,
1207,1208,Dassault Systemes,Q1172038,France
1208,1209,Experian,Q692157,Germany
1209,1210,US Steel,Q31567165,United States of America
1210,1211,Advanced Info Service,Q379592,Thailand
1211,1212,Expeditors International,Q1384324,United States of America
1212,1213,Jiangsu Hengrui Medicine,Q55454081,People's Republic of China
1213,1214,Hess,Q15755050,European Union
1214,1215,HAL Trust,,
1215,1216,LG Household & Health Care,Q16169971,
1216,1217,Grasim Industries,Q906943,India
1217,1218,Phoenix Group Holdings,Q7186887,United Kingdom
1218,1219,Assa Abloy,Q738421,Sweden
1219,1220,Charoen Pokphand Foods,Q1067634,
1220,1221,Worldpay,Q2900982,
1221,1222,Yuanta Financial Holding,,
1222,1223,Concordia Financial Group,Q22122898,
1223,1224,SKF Group,,
1224,1225,Genworth Financial,Q1502712,
1225,1226,Bank of Baroda,Q2003797,India
1226,1227,Jiangxi Copper,Q1518015,People's Republic of China
1227,1228,Bank of Changsha,,
1228,1229,China Mengniu Dairy,Q985475,
1229,1230,Grupo Elektra,Q1142753,
1230,1231,HCP,Q424390,
1231,1232,Equity Residential,Q187740,
1232,1233,Shionogi,Q3482319,Japan
1233,1234,Foshan Haitian Flavouring and Food,,
1234,1235,Quest Diagnostics,Q7271456,United States of America
1235,1236,Ayala,Q15540752,
1236,1237,China International Capital,Q5099737,
1237,1238,Magnitogorsk Iron & Steel,Q1884500,Russia
1238,1239,Ashtead Group,Q4805956,
1239,1240,Bank Of Chengdu,Q11074691,
1240,1241,Brown-Forman,Q392221,United States of America
1241,1242,Hunan Valin Steel,Q5942059,People's Republic of China
1242,1243,Delta Electronics,Q5254620,Taiwan
1243,1244,East West Bancorp,Q5329659,
1244,1245,New Residential Investment,,
1245,1246,Fastenal,Q3067119,United States of America
1246,1247,Power Finance,Q7236317,India
1247,1248,Henry Schein,Q905086,
1248,1249,FleetCor Technologies,Q16838618,
1249,1250,Hexagon,Q83043,
1250,1251,Dai Nippon Printing,Q1157511,Japan
1251,1252,Metro Group,Q169167,Germany
1252,1253,Goodman Group,Q3110722,
1253,1254,Torchmark,Q7825574,United States of America
1254,1255,Ctrip.com International,Q5191790,People's Republic of China
1255,1256,China Life Insurance (Taiwan),,
1256,1257,McCormick,Q15224082,
1257,1258,Storebrand,Q1783279,Norway
1258,1259,HNA Technology,Q48816378,People's Republic of China
1259,1260,Apache,Q102090,
1260,1261,Brenntag,Q828445,Germany
1261,1262,RSA Insurance Group,Q1780407,United Kingdom
1262,1263,NVR,Q754479,
1263,1264,Skyworks Solutions,Q7538146,United States of America
1264,1265,China International Travel Service,,
1265,1266,Johnson Matthey,Q502470,United Kingdom
1266,1267,Hua Nan Financial,Q16510360,
1267,1268,Huntington Ingalls Industries,Q7257522,United States of America
1268,1269,Unicharm,Q5361268,Japan
1269,1270,China Molybdenum,Q5099785,People's Republic of China
1270,1271,Yango Group,,
1271,1272,Wolters Kluwer,Q249798,Netherlands
1272,1273,Hyundai Marine & Fire,Q482973,
1273,1274,Umicore,Q902769,Belgium
1274,1275,Waste Connections,Q7972797,
1275,1276,Sino-Ocean Group Holding,,
1276,1277,AGNC Investment,,
1277,1278,Signature Bank,Q24204571,
1278,1279,Cerner,Q1055390,United States of America
1279,1280,Huadian Power International,Q5925035,People's Republic of China
1280,1281,Power Assets Holdings,Q3400900,
1281,1282,Ahli United Bank,Q18746438,Bahrain
1282,1283,Qantas Airways,Q32491,Australia
1283,1284,Ametek,Q470317,United States of America
1284,1285,Cathay Pacific Airways,Q32141,Hong Kong
1285,1286,LKQ,Q20711490,
1286,1287,LARGAN Precision,Q6488962,
1287,1288,X5 Retail Group,Q258748,Russia
1288,1289,Canara Bank,Q2003777,India
1289,1290,Digital Realty Trust,Q5275969,United States of America
1290,1291,Crown Holdings,Q5189378,United States of America
1291,1292,Doosan,Q1879363,
1292,1293,Valeant Pharmaceuticals,Q1700871,Canada
1293,1294,Transurban Group,,
1294,1295,Mitsui Chemicals,Q777141,Japan
1295,1296,Maanshan Iron & Steel,Q1859119,People's Republic of China
1296,1297,Jacobs Engineering,Q3157622,United States of America
1297,1298,Partners Group Holding,Q684222,
1298,1299,AVIC Capita,,
1299,1300,Focus Media Information Technology,,
1300,1301,Koito Manufacturing,Q11463459,Japan
1301,1302,Check Point Software,Q176587,
1302,1303,Quinenco,Q6095481,Chile
1303,1304,Leidos,Q502132,United States of America
1304,1305,Dover,Q179224,United Kingdom
1305,1306,Grupo Bimbo,Q775031,Mexico
1306,1307,Sino Biopharmaceutical,Q55454162,People's Republic of China
1307,1308,Everest Re Group,Q1381973,
1308,1309,Jinke Property Group,Q15956358,People's Republic of China
1309,1310,Bombardier,Q333498,Canada
1310,1311,L Brands,Q931354,United States of America
1311,1312,Wuestenrot & Wuerttembergische,Q994811,Austria
1312,1313,DaVita,Q5207184,
1313,1314,Ventas,Q2014690,Spain
1314,1315,Coca-Cola HBC,Q58206787,Czech Republic
1315,1316,Tenet Healthcare,Q3518066,United States of America
1316,1317,Metro,Q5503,
1317,1318,Bluescope Steel,Q885589,Australia
1318,1319,Hyundai Heavy Industries,Q483231,South Korea
1319,1320,Techtronic Industries,Q2399612,Germany
1320,1321,Fukuoka Financial Group,Q5507690,Japan
1321,1322,Tractor Supply,Q15109925,United States of America
1322,1323,National Oilwell Varco,Q1817417,United States of America
1323,1324,Shanxi Taigang Stainless,Q56087556,People's Republic of China
1324,1325,Shinsei Bank,Q571997,Japan
1325,1326,Lotte Shopping,Q12594197,
1326,1327,Alrosa,Q294508,
1327,1328,Fidelity National Financial,Q5446791,
1328,1329,RTL Group,Q921159,
1329,1330,Manpower,Q1472539,United States of America
1330,1331,Navient,Q19903490,United States of America
1331,1332,Banco BPM,Q27331643,Italy
1332,1333,Chow Tai Fook Jewellery,Q48880993,Cayman Islands
1333,1334,Bank of India,Q2004439,
1334,1335,Liberty Expedia Holdings,,
1335,1336,Shenzhou International Group Holdings,,
1336,1337,Bunzl,Q872718,United Kingdom
1337,1338,US Foods,Q1668265,
1338,1339,Chugoku Electric Power,Q73171,Japan
1339,1340,Contemporary Amperex Technology,Q18653563,People's Republic of China
1340,1341,Emera,Q5370387,Canada
1341,1342,KION Group,Q1742326,Germany
1342,1343,Daishi Hokuetsu Financial Group,,
1343,1344,RHB Bank,Q4207443,Malaysia
1344,1345,Nordstrom,Q174310,
1345,1346,Yamato Holdings,Q3571463,
1346,1347,Chesapeake Energy,Q2962826,
1347,1348,NARI Technology Development,,
1348,1349,Santos,Q81882,Brazil
1349,1350,Eisai,Q366128,
1350,1351,Electric Power Development,Q3805077,Japan
1351,1352,Targa Resources,Q7685824,
1352,1353,Keppel,Q5355562,Australia
1353,1354,Advance Auto Parts,Q4686051,United States of America
1354,1355,Bank of Chongqing,Q15122856,
1355,1356,Popular,Q838367,
1356,1357,Zhongsheng Group Holdings,Q406456,
1357,1358,IHS Markit,Q1662481,United States of America
1358,1359,Campbell Soup,Q1030544,
1359,1360,Microchip Technology,Q1545076,United States of America
1360,1361,Coloplast,Q669141,Denmark
1361,1362,STRABAG,Q681316,Austria
1362,1363,Chiba Bank,Q1071712,Japan
1363,1364,Colruyt,Q2363991,
1364,1365,Brambles,Q26424037,United Kingdom
1365,1366,Hydro One,Q3143709,Canada
1366,1367,Verisk Analytics,Q7921370,United States of America
1367,1368,Oji Holdings,Q11572978,Japan
1368,1369,Greentown China Holdings,,
1369,1370,Magnit,Q940518,Russia
1370,1371,Osaka Gas,Q385775,Japan
1371,1372,Segro,Q2205753,
1372,1373,Alleghany,Q4731258,United States of America
1373,1374,Olam International,Q5950695,
1374,1375,Bohai Leasing,Q17038681,People's Republic of China
1375,1376,Jones Lang LaSalle,Q1703389,United States of America
1376,1377,Smith & Nephew,Q1639825,
1377,1378,J.B. Hunt Transport Services,Q4041705,United States of America
1378,1379,Medipal Holdings,Q11343877,
1379,1380,360 Security Technology,,
1380,1381,Coty,Q1104787,
1381,1382,VeriSign,Q734338,United States of America
1382,1383,St. James's Place,Q7588412,
1383,1384,Barratt Developments,Q591090,
1384,1385,BPER Banca,Q806167,Italy
1385,1386,Maxim Integrated Products,Q1784671,United States of America
1386,1387,Meritz Financial Group,,
1387,1388,Red Eléctrica,Q1551220,Spain
1388,1389,NEXON,Q175770,France
1389,1390,Packaging Corp of America,,
1390,1391,Shanghai International Airport,Q7488459,
1391,1392,Materials Industry Zhongda Group,,
1392,1393,Hainan Airlines,Q292428,People's Republic of China
1393,1394,Cincinnati Financial,Q5120253,United States of America
1394,1395,Garmin,Q658789,United States of America
1395,1396,Canadian Tire,Q1032400,Canada
1396,1397,Nine Dragons Paper Holdings,,
1397,1398,Nippon Yusen,Q1478918,Japan
1398,1399,Kintetsu,Q1531085,Japan
1399,1400,Verbund,Q688816,Austria
1400,1401,Anta Sports Products,Q4653060,
1401,1402,IAC/InterActiveCorp,Q974846,United States of America
1402,1403,Global Payments,Q5570544,
1403,1404,Penske Automotive,Q1975799,United States of America
1404,1405,Showa Denko,Q905412,Japan
1405,1406,Shizuoka Bank,Q7499501,Japan
1406,1407,Persimmon,Q29526,
1407,1408,Alfresa Holdings,Q17192324,
1408,1409,Live Nation Entertainment,Q1061903,
1409,1410,XPO Logistics,Q8042415,United States of America
1410,1411,Lixil Group,Q11229276,
1411,1412,Bank of Zhengzhou,Q15925949,People's Republic of China
1412,1413,OMRON,Q501376,Japan
1413,1414,DCC,Q598944,
1414,1415,Sun Art Retail Group,Q15534494,
1415,1416,Beijing Capital Development,,
1416,1417,Advanced Micro Devices,Q128896,United States of America
1417,1418,Nitori Holdings,Q17212489,
1418,1419,Arca Continental,Q3052063,
1419,1420,Masraf Al Rayan,,
1420,1421,BNK Financial Group,,
1421,1422,Assurant,Q4810399,United States of America
1422,1423,NASDAQ,Q82059,United States of America
1423,1424,Bawag Group,,
1424,1425,Shanghai Commercial & Savings Bank,Q4207208,Taiwan
1425,1426,Iida Group Holdings,Q17192733,
1426,1427,Mirae Asset Daewoo,Q5208293,
1427,1428,Far East Horizon,Q15953507,
1428,1429,CSN,Q291090,People's Republic of China
1429,1430,Bank Of Gansu,,
1430,1431,People's United Financial,Q7165802,United States of America
1431,1432,E-mart,Q490371,South Korea
1432,1433,Kerry Properties,Q4042172,Hong Kong
1433,1434,ENN Energy Holdings,,
1434,1435,Next,Q728539,
1435,1436,Tech Data,Q1715931,
1436,1437,Wm Morrison Supermarkets,Q922344,United Kingdom
1437,1438,Hong Leong Financial,Q4206859,
1438,1439,Arab Bank,Q2629881,
1439,1440,Sekisui Chemical,Q11597149,Japan
1440,1441,Korea Investment Holdings,,
1441,1442,Flex,Q212794,
1442,1443,Naver,Q485639,South Korea
1443,1444,Orient Securities,Q24727812,People's Republic of China
1444,1445,Union Bank of India,Q2004078,India
1445,1446,Korean Air,Q213147,South Korea
1446,1447,Mebuki Financial Group,Q24870433,
1447,1448,Gudang Garam,Q1553005,
1448,1449,American Equity Investment,,
1449,1450,Spirit AeroSystems,Q3493556,United States of America
1450,1451,Ooredoo Q.P.S.C,,
1451,1452,Yonghui Superstores,,
1452,1453,Chongqing Rural Bank,,
1453,1454,First Horizon National,Q1419446,United States of America
1454,1455,Electrolux Group,Q505922,Sweden
1455,1456,Synopsys,Q2303478,United States of America
1456,1457,Mitsubishi Materials,Q1423176,Japan
1457,1458,Church & Dwight,Q9592,
1458,1459,Xylem,Q122811,
1459,1460,Total System Services,Q7671766,
1460,1461,China Merchants Port Holdings,Q268784,People's Republic of China
1461,1462,Tapestry,Q184296,
1462,1463,Compal Electronics,Q705272,Taiwan
1463,1464,Red Hat,Q485593,United States of America
1464,1465,Proximus,Q2005282,Belgium
1465,1466,Waters,Q1175589,
1466,1467,Sistema,Q1781702,Russia
1467,1468,Mashreq Bank,Q1538829,
1468,1469,Pinnacle West,Q26110522,United States of America
1469,1470,Vornado Realty,Q368181,
1470,1471,Xiamen International Trade Group,,
1471,1472,Reliance Steel,Q7311031,
1472,1473,Abu Dhabi Islamic Bank,Q4670141,United Arab Emirates
1473,1474,AECOM Technology,Q2825507,Germany
1474,1475,Bank Audi,Q4855900,
1475,1476,Kawasaki Heavy Industries,Q748148,Japan
1476,1477,Toppan Printing,Q986752,Japan
1477,1478,Boliden,Q891347,Sweden
1478,1479,Cielo,Q3676581,
1479,1480,Lululemon Athletica,Q6702957,Canada
1480,1481,Empresas CMPC,Q1142823,Chile
1481,1482,Nitto Denko,Q763637,Japan
1482,1483,Huntsman,Q1714828,
1483,1484,Antofagasta,Q3612,Chile
1484,1485,Beijing Shougang,Q2627897,People's Republic of China
1485,1486,B3,Q796297,Brazil
1486,1487,Realty Income,Q7301386,United States of America
1487,1488,Bandai Namco Holdings,Q806259,Japan
1488,1489,Xinyu Iron & Steel,Q11081084,
1489,1490,Alliant Energy,Q4732492,United States of America
1490,1491,Sinotruk Hong Kong,,
1491,1492,Geberit,Q464905,Switzerland
1492,1493,KT&G,Q128822,
1493,1494,Spotify Technology,Q60269744,
1494,1495,Yandex NV,,
1495,1496,Alexion Pharmaceuticals,Q204727,United States of America
1496,1497,Micro Focus International,Q1931458,United Kingdom
1497,1498,Mitsui OSK Lines,,
1498,1499,Cattolica Assicurazioni,Q783179,Italy
1499,1500,Hyundai Engineering,Q16255907,South Korea
1500,1501,Chang Hwa Bank,Q5071627,Taiwan
1501,1502,China Communications Services,Q5099641,People's Republic of China
1502,1503,Bajaj Auto,Q10910065,
1503,1504,Kingfisher,Q1013136,United States of America
1504,1505,CIT Group,Q1023765,United States of America
1505,1506,Nippon Express,Q1993298,Japan
1506,1507,Dexus,Q34372165,
1507,1508,El Puerto de Liverpool,Q1143318,
1508,1509,Israel Discount Bank,Q250362,Israel
1509,1510,Maroc Telecom,Q59772114,Morocco
1510,1511,MSCI,Q950900,
1511,1512,Mettler-Toledo International,,
1512,1513,Taishin Financial Holdings,Q3461686,Taiwan
1513,1514,Xerox,Q152433,United States of America
1514,1515,Western Union,Q861042,United States of America
1515,1516,Hang Lung Group,Q4774435,Hong Kong
1516,1517,SEB SA,Q7442317,
1517,1518,Cencosud,Q1053372,Argentina
1518,1519,ICA Gruppen,Q1663776,Sweden
1519,1520,Jyske Bank,Q136672,Denmark
1520,1521,KPN,Q338633,Netherlands
1521,1522,Ceconomy,Q28858523,Germany
1522,1523,Halyk Bank,Q1046186,Kazakhstan
1523,1524,Kaisa Group Holdings,,
1524,1525,Jiangxi Bank,,
1525,1526,Finatis,Q1416676,
1526,1527,Zhongyuan Bank,Q15936363,People's Republic of China
1527,1528,Banca MPS,Q46730,Italy
1528,1529,Lindt & Sprungli,Q152822,Switzerland
1529,1530,Dangote Cement,Q5216192,
1530,1531,Epiroc,Q47498532,Sweden
1531,1532,Jefferies Financial,Q6533918,
1532,1533,Caesars Entertainment,Q892498,United States of America
1533,1534,Chemours,Q20630716,United States of America
1534,1535,Blom Bank,Q20391833,Lebanon
1535,1536,Daelim Industrial,Q488223,
1536,1537,HELLA,Q1602616,
1537,1538,Haseko,Q11654016,Japan
1538,1539,ON Semiconductor Corp.,,
1539,1540,AMP,Q25272,
1540,1541,Jabil Circuit,Q2171646,United States of America
1541,1542,Noble Energy,Q2659099,
1542,1543,Tech Mahindra,Q1131463,India
1543,1544,World Fuel Services,Q8035757,
1544,1545,AutoNation,Q784804,United States of America
1545,1546,CPFL Energia,Q1121216,Brazil
1546,1547,KWG Group Holdings,,
1547,1548,GS Engineering,Q30298019,United States of America
1548,1549,Pearson,Q2065931,
1549,1550,Starwood Property Trust,,
1550,1551,General Insurance Corporation Of India,Q5531960,India
1551,1552,Hokuhoku Financial Group,Q11277712,
1552,1553,Taylor Wimpey,Q746365,United Kingdom
1553,1554,Community Health Systems,Q5154770,United States of America
1554,1555,SG Holdings,Q11243007,
1555,1556,Vulcan Materials,Q1685287,United States of America
1556,1557,Samsung Electro-Mechanics,Q627018,
1557,1558,Guangzhou Baiyunshan Pharmaceutical Holdings,,
1558,1559,News Corp,Q14289857,United States of America
1559,1560,Tahoe Group,,
1560,1561,Qingdao Rural Commercial Bank,,
1561,1562,SBI Holdings,Q1113213,
1562,1563,Almarai,Q3535226,Saudi Arabia
1563,1564,Frontier Communications,Q2974454,United States of America
1564,1565,New York Community Bancorp,,
1565,1566,Xiamen Xiangyu,,
1566,1567,UGI,Q560739,
1567,1568,Mowi ASA,,
1568,1569,MTU Aero Engines AG,Q128929,Germany
1569,1570,NiSource,Q1984481,
1570,1571,LEG Immobilien AG,Q1802165,Germany
1571,1572,Hopson Development Holdings,Q25996,
1572,1573,ServiceNow,Q7455653,United States of America
1573,1574,IHI,Q1653679,Japan
1574,1575,Workday,Q8034666,United States of America
1575,1576,Alcoa,Q135325,United States of America
1576,1577,Old Dominion Freight Line,Q7083862,
1577,1578,Air Canada,Q185339,Canada
1578,1579,Wistron,Q441821,Taiwan
1579,1580,Citrix Systems,Q916196,United States of America
1580,1581,Tiffany & Co.,Q16913772,
1581,1582,EMS-Chemie Holding,Q1339621,
1582,1583,Banco Comercial Portugues,Q118581,Portugal
1583,1584,Avery Dennison,Q790650,United States of America
1584,1585,Hertz Global Holdings,Q1543874,United States of America
1585,1586,First Quantum Minerals,Q1419532,Canada
1586,1587,Symantec,Q677085,United States of America
1587,1588,Times Property Holdings,,
1588,1589,Nishi-nippon Financial Holdings,,
1589,1590,Kyushu Financial Group,Q22130448,
1590,1591,China Resources Gas Group,Q5099882,People's Republic of China
1591,1592,Pan Pacific International Holdings,,
1592,1593,Yamaguchi Financial,Q11044787,
1593,1594,NSK,Q631375,Croatia
1594,1595,Hachijuni Bank,Q11390608,Japan
1595,1596,Ajinomoto,Q412826,Japan
1596,1597,Olympus,Q688619,Japan
1597,1598,Kansas City Southern,Q16980898,
1598,1599,Gjensidige Forsikring,Q3108236,Norway
1599,1600,Renesas Electronics,Q1196269,Japan
1600,1601,Caltex Australia,,
1601,1602,Luzhou Lao Jiao,,
1602,1603,Match Group,Q23133268,
1603,1604,SS&C Technologies,Q958,South Sudan
1604,1605,Autodesk,Q628051,United States of America
1605,1606,Sun Pharma Industries,,
1606,1607,North Pacific Bank,Q11402354,Japan
1607,1608,Uniqa,Q43405950,
1608,1609,Pirelli,Q207770,Italy
1609,1610,Alexandria Real Estate Equities,Q48739877,
1610,1611,Banco Davivienda,Q5242054,Colombia
1611,1612,Csc Financial,Q27833474,People's Republic of China
1612,1613,PBF Energy,Q16979157,
1613,1614,Luxshare Precision Industry,,
1614,1615,Minebea,Q820239,Japan
1615,1616,Rajesh Exports,Q48731600,
1616,1617,Bank of Kyoto,Q11375713,Japan
1617,1618,Align Technology,Q30314832,
1618,1619,PGE Polska Grupa Energetyczna,Q787714,Poland
1619,1620,Hiroshima Bank,Q11064596,Japan
1620,1621,Zhejiang Longsheng Group,,
1621,1622,Fastighets Balder,,
1622,1623,INTL FCStone,Q1666331,
1623,1624,Latam Airlines,Q649178,Chile
1624,1625,BOK Financial,Q2162158,United States of America
1625,1626,Quilter,Q46984315,
1626,1627,Essex Property Trust,Q27964091,United States of America
1627,1628,Cullen/Frost Bankers,Q5506152,United States of America
1628,1629,Guangdong Investment,Q5613634,Hong Kong
1629,1630,China Resources Cement Holdings,,
1630,1631,Shimano,Q949610,Japan
1631,1632,Ares Capital,Q4789079,
1632,1633,77 Bank,,
1633,1634,Kangmei Pharmaceutical,Q52849282,People's Republic of China
1634,1635,Banque Cantonale Vaudoise,Q685533,Switzerland
1635,1636,Chugoku Bank,Q10874785,Japan
1636,1637,Tosoh,Q906991,Japan
1637,1638,Ultrapar Participacoes,Q1579222,Brazil
1638,1639,LG Uplus,Q626409,South Korea
1639,1640,Metropolitan Bank & Trust,Q6824995,
1640,1641,Newell Brands,Q667599,United States of America
1641,1642,Chongqing Changan Auto,Q29366,People's Republic of China
1642,1643,Petro Rabigh,Q7178875,Saudi Arabia
1643,1644,Tingyi Holding,,
1644,1645,SLM,Q669606,Switzerland
1645,1646,National Bank of Greece,Q1816028,Greece
1646,1647,Merlin Properties SOCIMI S.A,,
1647,1648,SYNNEX,Q7662493,
1648,1649,Copart,Q16951448,United States of America
1649,1650,Gunma Bank,Q11609920,Japan
1650,1651,Bank Muscat,Q806607,Oman
1651,1652,Toll Brothers,Q7814310,
1652,1653,Acciona,Q339142,Spain
1653,1654,GPT Group,Q3100507,
1654,1655,Shenzhen Mindray Bio-Medical Electronics,,
1655,1656,Mr. Cooper Group,,
1656,1657,"Burlington Stores,",Q4999220,
1657,1658,Piraeus Bank,Q3312,Greece
1658,1659,Yunnan Baiyao Group,Q8061323,People's Republic of China
1659,1660,Companhia Brasileira de Distribuicao,Q1541470,Brazil
1660,1661,Erdemir,Q934796,Turkey
1661,1662,Avis Budget Group,Q2874395,United States of America
1662,1663,Frasers Property Limited,,
1663,1664,Whitbread,Q1435702,United Kingdom
1664,1665,Invitation Homes,,
1665,1666,Alpha Bank,Q747394,Greece
1666,1667,Hyundai Glovis,Q5962598,
1667,1668,Novozymes,Q45576,Denmark
1668,1669,Mizrahi Tefahot Bank,Q2777129,Israel
1669,1670,Wärtsilä,Q327429,Finland
1670,1671,Foot Locker,Q63335,
1671,1672,Alaska Air Group,Q4033665,United States of America
1672,1673,Square,Q174782,
1673,1674,Iyo Bank,Q2895314,
1674,1675,Nippon Steel Trading,,
1675,1676,China Longyuan Power,Q130889,People's Republic of China
1676,1677,Eurobank Ergasias,Q951850,Greece
1677,1678,Ralph Lauren,Q296647,
1678,1679,Deutsche Pfandbriefbank,Q15857244,Germany
1679,1680,Safaricom,Q7398410,Kenya
1680,1681,New Hope Liuhe,,
1681,1682,Unicaja Banco,Q20908850,Spain
1682,1683,Rite Aid,Q3433273,
1683,1684,Far Eastern New Century,Q5434558,
1684,1685,Industrivarden,Q11977084,Sweden
1685,1686,W.P. Carey,,
1686,1687,Steel Authority of India,Q1371239,
1687,1688,Everbright Securities,Q5416931,People's Republic of China
1688,1689,Wayfair,Q3540193,United States of America
1689,1690,Jiangsu Zhongnan Construction Group,,
1690,1691,Mercuries & Associates,Q5367786,Taiwan
1691,1692,Snap-on,Q1631922,United States of America
1692,1693,Liuzhou Iron & Steel,,
1693,1694,Suzuken,Q11311754,Japan
1694,1695,China Aviation Oil,Q5099582,
1695,1696,China National Chemical,Q16739781,People's Republic of China
1696,1697,Nielsen,Q16511256,
1697,1698,Sterling Bancorp,Q17083240,United States of America
1698,1699,Pinduoduo,Q47015652,People's Republic of China
1699,1700,DGB Financial Group,Q31178959,South Korea
1700,1701,Commercial Bank of Qatar,,
1701,1702,Avnet,Q4829076,United States of America
1702,1703,Viva Energy Group,,
1703,1704,Kingboard Holdings,,
1704,1705,Moscow Exchange,Q2632892,Russia
1705,1706,Adani Ports & Special Economic Zone,Q16058076,
1706,1707,Great Eagle Holdings,Q4039682,
1707,1708,Cabot Oil & Gas,Q4035714,
1708,1709,BayWa,Q812055,Germany
1709,1710,Juroku Bank,Q11404883,Japan
1710,1711,Synovus Financial,Q3508889,
1711,1712,Hyakugo Bank,Q11580676,Japan
1712,1713,Fluor,Q1002150,
1713,1714,Cybg,Q23022218,United Kingdom
1714,1715,FinecoBank,Q3745690,Italy
1715,1716,Commercial Bank For Investment & Development Of Vietnam,,
1716,1717,Empire,Q71084,France
1717,1718,Hakuhodo DY Holdings,Q11408888,
1718,1719,Rexel,Q962489,
1719,1720,JG Summit Holdings,Q6108205,
1720,1721,Inner Mongolia Yitai Coal,Q10885038,People's Republic of China
1721,1722,Hengan International Group,,
1722,1723,ResMed,Q7314903,United States of America
1723,1724,Wendel,Q18180180,
1724,1725,Fuyao Glass Industry Group,Q1254961,People's Republic of China
1725,1726,Seiko Epson,Q159614,Japan
1726,1727,Shiga Bank,Q11564978,Japan
1727,1728,Banco de Chile,Q2882085,Chile
1728,1729,Banca Mediolanum,Q3633712,Italy
1729,1730,Hanwa,Q59815777,Nigeria
1730,1731,Atmos Energy,Q4817084,United States of America
1731,1732,IDBI Bank,Q3633485,
1732,1733,Arista Networks,Q2861324,United States of America
1733,1734,Burelle,Q36874827,
1734,1735,Martin Marietta Materials,Q6776123,
1735,1736,Metalurgica Gerdau,Q3307276,Brazil
1736,1737,Atlassian,Q757307,Australia
1737,1738,Shopify,Q7501150,Canada
1738,1739,Performance Food Group,Q2070689,United States of America
1739,1740,Toho Bank,Q3650497,Japan
1740,1741,First Citizens Bank,Q5452734,
1741,1742,Taiwan Business Bank,Q15913812,
1742,1743,WPG Holdings,,
1743,1744,Advanz Pharma,,
1744,1745,Tokyu Fudosan,Q17219597,
1745,1746,First Pacific,Q305393,
1746,1747,Ogaki Kyoritsu Bank,Q11433765,Japan
1747,1748,Vingroup,Q10831597,
1748,1749,Ansys,Q295774,United States of America
1749,1750,SinoPac Financial,,
1750,1751,San-In Godo Bank,Q11047543,Japan
1751,1752,Wirecard,Q587325,Germany
1752,1753,Nanto Bank,Q4045062,Japan
1753,1754,Universal Entertainment,Q2866046,Japan
1754,1755,Mirvac Group,Q3316188,
1755,1756,Grupo Bolivar,Q26207810,
1756,1757,Constellation Software,Q48801091,Canada
1757,1758,Albemarle,Q921689,United States of America
1758,1759,Bank of Xi'an,,
1759,1760,Adient,Q26832896,United States of America
1760,1761,Zain,Q144356,
1761,1762,IDEXX Laboratories,Q1758392,United States of America
1762,1763,Sansteel Minguang,,
1763,1764,RMB Holdings,Q22908349,
1764,1765,Bendigo & Adelaide Bank,Q497793,Australia
1765,1766,Aozora Bank,Q4778847,Japan
1766,1767,Red Star Macalline Group,Q22704472,People's Republic of China
1767,1768,Central Bank of India,Q2007090,
1768,1769,Founder Securities,Q11084898,People's Republic of China
1769,1770,Vietin Bank,,
1770,1771,Senshu Ikeda Holdings,Q11551995,
1771,1772,Syndicate Bank,Q2004088,India
1772,1773,Celltrion,Q30260343,South Korea
1773,1774,Inventec,Q6059838,Taiwan
1774,1775,Orient,Q19595,United Kingdom
1775,1776,Credito Emiliano,Q3696881,Italy
1776,1777,SDIC Capital,,
1777,1778,Indiabulls Housing Finance,Q30637022,
1778,1779,Tokyo Kiraboshi Financial Group,Q18337457,
1779,1780,Aareal Bank,Q301141,Germany
1780,1781,Sembcorp Industries,Q10901401,
1781,1782,China Zhongwang Holdings,,
1782,1783,PacWest Bancorp,Q17143144,United States of America
1783,1784,Palo Alto Networks,Q7128508,United States of America
1784,1785,NH Investment & Securities,Q12581611,
1785,1786,SBA Communications,Q7388926,United States of America
1786,1787,Hyatt Hotels,Q1425063,United States of America
1787,1788,Tenneco,Q1509038,United States of America
1788,1789,Core-Mark Holding,,
1789,1790,Vodafone Idea,,
1790,1791,MercadoLibre,Q950419,Argentina
1791,1792,Adyen,Q4686934,Netherlands
1792,1793,Hanesbrands,Q5647768,United States of America
1793,1794,Longi Green Energy Technology,,
1794,1795,Barry Callebaut,Q809018,
1795,1796,Axiata Group,Q792500,Malaysia
1796,1797,Banca Popolare di Sondrio,Q686176,Italy
1797,1798,Liberty Broadband,,
1798,1799,Suzano Papel e Celulose,Q1030695,Brazil
1799,1800,China Oriental Group,,
1800,1801,Sinotrans Ltd.,,
1801,1802,Berry Global Group,,
1802,1803,President Chain Store,Q4642867,
1803,1804,Juniper Networks,Q1049080,United States of America
1804,1805,Canadian Utilities,Q5030657,Canada
1805,1806,CSPC Pharmaceutical Group,,
1806,1807,Broadridge Financial,Q4972280,
1807,1808,Chipotle Mexican Grill,Q465751,United States of America
1808,1809,Navistar International,Q29739,
1809,1810,Bank of Qingdao,Q17062759,
1810,1811,China Railway Signal & Communication,Q20745675,People's Republic of China
1811,1812,Liberbank,Q2891018,Spain
1812,1813,Nuernberger Beteiligungs,,
1813,1814,Sofina,Q1142890,Belgium
1814,1815,Yes Bank,Q2040394,
1815,1816,Muyuan Foodstuff,,
1816,1817,Bank of Jiujiang,,
1817,1818,China Development Bank Financial Leasing,Q43301935,
1818,1819,United Utilities,Q503038,United Kingdom
1819,1820,JTEKT,Q6109069,Japan
1820,1821,Keiyo Bank,Q11374734,Japan
1821,1822,Basler Kantonalbank,Q63844805,Switzerland
1822,1823,Japan Securities,Q11509107,
1823,1824,Commercial International Bank,Q5152506,
1824,1825,Alfa Laval,Q686030,Sweden
1825,1826,China Merchants Expressway Network & Technology Holdings,,
1826,1827,Hyakujushi Bank,Q11580692,Japan
1827,1828,Commerce Bank,Q5152412,
1828,1829,Dali Foods Group,,
1829,1830,Financial Street Holdings,,
1830,1831,Hokkoku Bank,Q5878184,
1831,1832,Asian Paints,Q4806720,
1832,1833,Haidilao International Holding,,
1833,1834,Old Republic International,Q7084833,
1834,1835,Oshkosh,Q936741,United States of America
1835,1836,Cemig,Q1121202,Brazil
1836,1837,Credit Bank of Moscow,Q4304175,Russia
1837,1838,Fangda Carbon New Material,,
1838,1839,Yamada Denki,Q1096390,Japan
1839,1840,"Hengyi Petrochemical Co., Ltd.",,
1840,1841,Xinhu Zhongbao,,
1841,1842,Jaccs,Q11309831,
1842,1843,Zalando,Q136570,Germany
1843,1844,Informa plc,Q680946,United Kingdom
1844,1845,Garrett Motion,,
1845,1846,Medical Properties Trust,Q30693638,
1846,1847,Nanya Technology,Q10906621,
1847,1848,Sydney Airport,Q17581,Australia
1848,1849,Kiyo Bank,Q11605123,Japan
1849,1850,International Flavors & Fragrances,Q1666568,United States of America
1850,1851,JB Financial Group,,
1851,1852,Smurfit Kappa Group,Q1536176,
1852,1853,Fraport,Q643578,Germany
1853,1854,Piramal Enterprises,Q7197697,India
1854,1855,Banque Centrale Populaire,Q2883441,
1855,1856,FMC,Q60193455,
1856,1857,Konica Minolta Business Solutions,Q58197230,Czech Republic
1857,1858,Sonova Holding,Q689816,Switzerland
1858,1859,F.N.B.,Q25917465,Spain
1859,1860,Fibra Uno,,
1860,1861,Lotte,Q2352826,
1861,1862,Musashino Bank,Q11546449,Japan
1862,1863,Migdal Insurance,,
1863,1864,Chimera Investment,,
1864,1865,Sabesp,Q183184,
1865,1866,Shanghai Ganglian E-Commerce Holdings,,
1866,1867,EFG International,Q671877,Switzerland
1867,1868,Cleveland-cliffs,Q5133094,
1868,1869,Saudi Arabian Fertilizers,,
1869,1870,Splunk,Q1835753,
1870,1871,Lendlease Group,Q185651,
1871,1872,Murphy USA,Q19604459,United States of America
1872,1873,Yageo Corporation,,
1873,1874,Bureau Veritas,Q1974503,France
1874,1875,Saipem,Q2213203,Italy
1875,1876,"United Natural Foods,",,
1876,1877,Luzerner Kantonalbank,Q1756878,Switzerland
1877,1878,AU Optronics,Q300120,Taiwan
1878,1879,Marks & Spencer,Q16876462,
1879,1880,Dixons Carphone,Q16980420,United Kingdom
1880,1881,Shoprite Holdings,Q1857639,
1881,1882,Unisplendour,,
1882,1883,Veeva Systems,Q24204493,United States of America
1883,1884,Allahabad Bank,Q2018840,India
1884,1885,Credit Acceptance,Q15845093,
1885,1886,BBVA Banco Continental,,
1886,1887,Indian Bank,Q2003789,India
1887,1888,China Agri-Industries,Q1023973,People's Republic of China
1888,1889,Owens Corning,Q7114736,United States of America
1889,1890,LiveRamp Holdings,,
1890,1891,Royal Mail,Q638098,United Kingdom
1891,1892,Cadence Design,Q608776,United States of America
1892,1893,Makita,Q691508,Japan
1893,1894,Nanjing Iron & Steel,Q27888495,People's Republic of China
1894,1895,United Aircraft,Q7887331,United States of America
1895,1896,Extra Space Storage,Q5422162,United States of America
1896,1897,Ipsen,Q33123366,
1897,1898,Zebra Technologies,Q2443609,United States of America
1898,1899,H Lundbeck,,
1899,1900,Andhra Bank,Q2003476,
1900,1901,Bank of Queensland,Q4856173,Australia
1901,1902,Air Lease,Q4698062,United States of America
1902,1903,Ronshine China Holdings,Q22084972,
1903,1904,AmBank Group,Q4132947,Malaysia
1904,1905,Prysmian,Q1964784,Italy
1905,1906,VEON,Q36888460,
1906,1907,San ju San Financial Group,Q43305272,
1907,1908,Zhejiang Chint Electrics,Q5011165,People's Republic of China
1908,1909,Autoliv,Q787044,Sweden
1909,1910,Sensata Technologies Holding,,
1910,1911,CoStar Group,Q16988748,
1911,1912,EasyJet,Q191551,United Kingdom
1912,1913,Sears Holdings,Q966556,United States of America
1913,1914,Western Alliance Bancorp.,,
1914,1915,Meritz Securities,,
1915,1916,Cimarex Energy,Q16829606,
1916,1917,VICI Properties,Q54263910,
1917,1918,FIBI Holdings,,
1918,1919,Oriental Bank of Commerce,Q367008,
1919,1920,BJ's Wholesale Club,Q4835754,United States of America
1920,1921,Bank of Nagoya,Q11415284,Japan
1921,1922,Grupo De Inversiones Suramericana,,
1922,1923,CPI Property Group.,,
1923,1924,IBERIABANK,Q5968523,United States of America
1924,1925,Sino Land,Q698504,
1925,1926,China Petroleum Engineering,Q55607395,
1926,1927,Nomura Research Institute,Q4922632,Japan
1927,1928,Nippon Paint,Q3661655,Japan
1928,1929,Thomas Cook Group,Q2141800,United Kingdom
1929,1930,Tomony Holdings,Q11321498,
1930,1931,Isetan Mitsukoshi Holdings,Q6079763,Japan
1931,1932,Toyota Boshoku,Q7830755,Japan
1932,1933,Want Want China,Q7968118,People's Republic of China
1933,1934,F5 Networks,Q3029296,United States of America
1934,1935,Innolux,Q702895,Taiwan
1935,1936,Vipshop Holdings,,
1936,1937,Keysight Technologies,Q17551096,United States of America
1937,1938,iQIYI,Q15913890,People's Republic of China
1938,1939,Tongling Nonferrous Metals,Q7821114,People's Republic of China
1939,1940,Laurentian Bank,Q1360087,Canada
1940,1941,Ramsay Health Care,Q17054333,Australia
1941,1942,Hero Motocorp,Q1613763,India
1942,1943,Samsung Securities,Q16166252,South Korea
1943,1944,SK Networks,Q18156239,South Korea
1944,1945,Yuexiu Property Co.,,
1945,1946,Synnex Technology Intl,,
1946,1947,Li & Fung,Q347,Liechtenstein
1947,1948,Jointown Pharmaceutical Group,Q10878836,People's Republic of China
1948,1949,Kuwait Projects,,
1949,1950,Land Securities Group,Q506160,United Kingdom
1950,1951,Lyft,Q17077936,United States of America
1951,1952,Corporation Bank,Q66768698,India
1952,1953,Sunny Optical Technology Group,,
1953,1954,Delek Group,Q1184087,
1954,1955,Sichuan Changhong Electric,,
1955,1956,Wintrust Financial,Q23680018,
1956,1957,Indian Overseas Bank,Q2003611,India
1957,1958,RusHydro,Q2035424,Russia
1958,1959,AAC Technologies Holdings,Q16926211,
1959,1960,Associated Banc-Corp,Q4809155,United States of America
1960,1961,Burberry Group,Q390107,United Kingdom
1961,1962,Catcher Technology,,
1962,1963,Zenith Bank,Q5978240,Nigeria
1963,1964,Grupo Carso,Q1396455,
1964,1965,Marvell Technology Group,Q1347782,
1965,1966,St. Galler Kantonalbank,Q2316809,Switzerland
1966,1967,Lundbergs,Q33121676,Sweden
1967,1968,Sumec Corporation,,
1968,1969,Berkeley Group Holdings,Q4892023,
1969,1970,Inchcape,Q4116061,United Kingdom
1970,1971,Asustek Computer,Q152864,Taiwan
1971,1972,Digital China Group,,
1972,1973,ISS,Q25271,United States of America
1973,1974,AVIC International Holdings,Q11152850,
1974,1975,Goldcorp,Q1534795,
1975,1976,Booz Allen Hamilton Holding,,
1976,1977,Drilling Company of 1972,,
1977,1978,Canadian Apartment Properties Real Estate Investment Trust,,
1978,1979,Kesko,Q1739782,Finland
1979,1980,Securitas,Q662174,
1980,1981,Bid,Q51081147,
1981,1982,Lanxess,Q682992,Germany
1982,1983,Nippon Paper Industries,Q10834647,Japan
1983,1984,CBOE Global Markets,,
1984,1985,Saras,Q316252,
1985,1986,Daily Mail & General Trust,Q210534,United Kingdom
1986,1987,"Mitsubishi Gas Chemical Company,",,
1987,1988,Thanachart Capital,,
1988,1989,Korea Zinc,Q16183878,South Korea
1989,1990,Bank OZK,Q20708654,United States of America
1990,1991,Grupa LOTOS,Q1256909,Poland
1991,1992,Snap,Q27022329,United States of America
1992,1993,Taiwan Cement,Q10915565,Taiwan
1993,1994,TP ICAP,Q1637548,United Kingdom
1994,1995,IDEX,Q13581039,
1995,1996,Thai Oil,Q6676072,Thailand
1996,1997,Bed Bath & Beyond,Q56352818,
1997,1998,Incyte,Q6015591,United States of America
1998,1999,Fuyo General Lease,Q11614592,
1999,2000,JC Penney,,
